ID_Membro;ID_Transação;ID_Produto;Valor;Data_Transação;ID_Loja;;;
1;1446;13;15.75;19/08/2023;6;;;
1;1145;44;44.99;13/08/2023;4;;;
2;2622;38;11.77;19/08/2023;21;;;
2;2293;42;26.32;12/08/2023;21;;;
2;2729;10;90.65;07/08/2023;12;;;
3;2400;20;15.43;25/08/2023;17;;;
3;2839;46;66.57;08/08/2023;4;;;
4;1573;33;43.39;29/08/2023;17;;;
4;1798;16;48.12;24/08/2023;19;;;
5;2819;6;32.41;31/08/2023;1;;;
5;2168;14;76.35;18/08/2023;6;;;
6;1959;26;42.78;09/08/2023;10;;;
6;2197;6;25.9;08/08/2023;19;;;
7;2046;12;90.01;10/08/2023;8;;;
7;1657;35;40.43;03/08/2023;16;;;
8;2339;29;65.23;11/08/2023;4;;;
10;1728;25;14.94;27/08/2023;16;;;
10;1832;43;18.95;15/08/2023;20;;;
10;1718;17;26.19;12/08/2023;13;;;
10;1422;38;25.08;10/08/2023;16;;;
11;1271;9;56.11;23/08/2023;8;;;
11;1196;13;53.54;03/08/2023;14;;;
12;2214;25;51.88;12/08/2023;1;;;
13;1173;31;69.26;24/08/2023;15;;;
13;1344;46;75;05/08/2023;9;;;
14;1151;32;37.21;23/08/2023;17;;;
14;1984;14;68.91;23/08/2023;21;;;
14;2483;9;77.29;01/08/2023;11;;;
15;1165;40;71.92;30/08/2023;3;;;
15;1182;7;40.47;29/08/2023;2;;;
16;1078;26;57.11;21/08/2023;11;;;
17;2208;39;72.71;17/08/2023;2;;;
18;1920;38;78.36;26/08/2023;6;;;
18;2863;13;93.52;16/08/2023;12;;;
19;1862;36;41.72;09/08/2023;20;;;
19;2299;3;79.68;01/08/2023;1;;;
20;1705;25;92.2;26/08/2023;8;;;
20;2643;3;31.74;22/08/2023;4;;;
21;1105;22;95.26;31/08/2023;21;;;
21;2395;13;40.78;21/08/2023;19;;;
21;1253;6;30.29;20/08/2023;1;;;
22;2113;42;17.46;23/08/2023;16;;;
23;1597;45;76.48;18/08/2023;17;;;
23;1767;14;14.57;14/08/2023;16;;;
23;2034;17;59.16;11/08/2023;10;;;
24;2305;18;10.49;29/08/2023;16;;;
24;2321;7;38.8;27/08/2023;19;;;
24;2031;21;73.1;07/08/2023;8;;;
24;2460;50;82.78;06/08/2023;11;;;
25;1972;47;28.22;25/08/2023;20;;;
25;2359;40;48.95;17/08/2023;2;;;
26;1692;41;78.8;28/08/2023;10;;;
26;2524;6;27.41;04/08/2023;14;;;
27;1286;48;50.95;08/08/2023;9;;;
28;2943;11;24.1;19/08/2023;10;;;
30;1408;42;38.47;29/08/2023;21;;;
30;2738;44;80.58;25/08/2023;7;;;
30;1794;20;53.06;11/08/2023;2;;;
30;2922;33;18.71;03/08/2023;18;;;
31;1087;8;69.22;20/08/2023;12;;;
31;2730;36;73.16;08/08/2023;9;;;
32;2156;7;79.2;30/08/2023;13;;;
32;2234;19;40.44;28/08/2023;9;;;
32;1509;48;61.76;13/08/2023;1;;;
34;1540;15;75.05;26/08/2023;11;;;
34;1553;4;59;15/08/2023;2;;;
34;1751;34;39.23;09/08/2023;4;;;
35;1058;18;17.53;25/08/2023;20;;;
35;2525;44;37.42;15/08/2023;3;;;
35;2065;38;86.65;07/08/2023;21;;;
35;2420;27;45.02;04/08/2023;4;;;
36;1441;25;97.47;20/08/2023;13;;;
36;1690;18;54.71;15/08/2023;14;;;
36;2244;41;49.16;15/08/2023;1;;;
36;1419;39;23.6;11/08/2023;4;;;
36;2799;16;90.99;07/08/2023;11;;;
37;2878;39;79.23;19/08/2023;7;;;
38;2913;36;41.57;26/08/2023;5;;;
38;1416;48;52.57;25/08/2023;18;;;
38;2030;48;79.36;15/08/2023;3;;;
38;2843;2;44.79;06/08/2023;17;;;
39;1595;26;30.13;02/08/2023;10;;;
40;1664;49;49.76;22/08/2023;14;;;
40;2312;24;28.71;08/08/2023;10;;;
41;2713;13;44.09;30/08/2023;20;;;
42;2192;37;20.9;17/08/2023;1;;;
42;2686;14;89.4;02/08/2023;18;;;
43;1871;6;78.65;31/08/2023;20;;;
43;2522;9;80.32;06/08/2023;2;;;
45;1879;28;36.24;26/08/2023;15;;;
45;2421;42;23.35;15/08/2023;15;;;
46;1149;44;82.15;06/08/2023;17;;;
47;1391;40;93.87;07/08/2023;12;;;
48;1895;39;24.35;27/08/2023;16;;;
48;1518;38;18.53;22/08/2023;10;;;
48;2662;13;18.48;21/08/2023;20;;;
48;1538;28;91.72;16/08/2023;19;;;
49;1927;16;22.58;12/08/2023;4;;;
49;2974;15;14.26;07/08/2023;10;;;
49;1942;3;70.03;06/08/2023;18;;;
50;2097;27;78.77;23/08/2023;20;;;
50;2791;2;33.51;21/08/2023;17;;;
51;2927;28;14.52;24/08/2023;15;;;
52;1918;34;83.52;30/08/2023;8;;;
52;2860;43;54.33;23/08/2023;20;;;
52;2866;50;10.13;22/08/2023;21;;;
53;1235;4;85.73;29/08/2023;5;;;
53;2672;6;43.15;20/08/2023;14;;;
54;1541;21;96.59;31/08/2023;9;;;
54;1075;3;93.58;29/08/2023;8;;;
54;2602;45;73.79;25/08/2023;16;;;
54;2418;45;66.69;21/08/2023;16;;;
54;2565;47;60.27;08/08/2023;11;;;
55;2456;17;31.52;15/08/2023;5;;;
55;1981;2;45.84;06/08/2023;14;;;
56;1777;29;87.41;27/08/2023;2;;;
56;1318;45;80.09;12/08/2023;15;;;
56;2539;8;49.9;05/08/2023;19;;;
56;1062;22;96.45;01/08/2023;14;;;
57;1094;2;32.57;20/08/2023;20;;;
57;1845;23;69.67;06/08/2023;3;;;
57;2642;5;49.16;06/08/2023;1;;;
58;1095;39;12.94;31/08/2023;5;;;
58;2810;37;98.48;14/08/2023;12;;;
59;1946;25;82.93;31/08/2023;8;;;
59;1423;42;94.79;13/08/2023;11;;;
61;1155;20;10.95;16/08/2023;9;;;
61;1614;14;24.67;12/08/2023;19;;;
62;2145;17;51.9;03/08/2023;15;;;
63;2666;47;72.57;31/08/2023;12;;;
63;1923;22;39.84;23/08/2023;14;;;
65;2271;50;86.22;17/08/2023;11;;;
65;1921;15;77.31;08/08/2023;16;;;
65;2407;41;91.57;05/08/2023;19;;;
66;1389;20;44.1;31/08/2023;15;;;
66;1907;47;58.92;30/08/2023;1;;;
67;2807;30;63.08;22/08/2023;21;;;
67;1379;26;40.69;10/08/2023;19;;;
68;1197;11;24.44;29/08/2023;20;;;
68;2193;47;92.82;27/08/2023;21;;;
68;2184;7;77.59;18/08/2023;2;;;
68;1212;36;86.76;13/08/2023;6;;;
68;2410;11;37.03;10/08/2023;10;;;
69;1285;30;73.68;29/08/2023;9;;;
69;1922;33;44.19;28/08/2023;21;;;
69;2558;46;71.16;09/08/2023;8;;;
69;2132;11;68.94;04/08/2023;15;;;
70;2787;29;50.12;27/08/2023;16;;;
70;2151;22;69.75;09/08/2023;6;;;
71;1852;29;61.68;27/08/2023;6;;;
71;2050;21;43.5;27/08/2023;10;;;
71;1054;35;89.71;25/08/2023;9;;;
72;1808;26;35.86;24/08/2023;8;;;
72;2281;34;55.14;23/08/2023;16;;;
72;1116;2;58.75;20/08/2023;10;;;
72;2251;2;38.72;13/08/2023;19;;;
73;2470;32;54.75;28/08/2023;16;;;
73;1257;4;28.18;11/08/2023;12;;;
73;1560;30;37.31;10/08/2023;2;;;
73;1188;42;48.31;09/08/2023;13;;;
73;1570;8;98.83;04/08/2023;18;;;
74;1542;32;76.4;27/08/2023;8;;;
74;2638;32;85.42;06/08/2023;4;;;
75;2073;15;37.21;14/08/2023;4;;;
76;2348;30;52.48;27/08/2023;8;;;
76;1434;18;93.68;25/08/2023;5;;;
76;1090;10;35.56;15/08/2023;19;;;
77;1484;23;14.15;23/08/2023;14;;;
77;2282;4;38.92;16/08/2023;15;;;
78;1713;32;52.04;31/08/2023;21;;;
78;1397;22;88.03;21/08/2023;1;;;
78;2831;26;91.62;21/08/2023;5;;;
78;1933;15;68.67;17/08/2023;3;;;
79;2903;36;71.14;23/08/2023;9;;;
79;2240;7;81.14;20/08/2023;12;;;
79;1524;22;91.26;17/08/2023;17;;;
79;2830;21;55.38;10/08/2023;3;;;
79;1333;17;33.98;07/08/2023;11;;;
79;2044;22;78.96;06/08/2023;14;;;
80;1017;31;69.27;26/08/2023;9;;;
80;1247;6;30.53;24/08/2023;10;;;
80;2559;6;81.7;19/08/2023;2;;;
80;2663;22;24.63;06/08/2023;3;;;
81;2081;47;30.51;02/08/2023;17;;;
82;2704;34;84.27;16/08/2023;13;;;
83;2856;34;95.04;17/08/2023;4;;;
83;2459;28;46.14;12/08/2023;8;;;
83;2334;21;61.73;03/08/2023;20;;;
83;2929;8;39.11;02/08/2023;3;;;
84;2413;5;36.37;30/08/2023;15;;;
85;2433;2;25.91;26/08/2023;12;;;
85;1229;24;47.65;06/08/2023;5;;;
86;2120;45;22.95;22/08/2023;8;;;
87;2833;30;75.34;30/08/2023;2;;;
87;1288;20;33.49;06/08/2023;21;;;
88;1501;32;26.59;23/08/2023;3;;;
88;2471;10;49.63;13/08/2023;7;;;
88;2176;31;26.1;06/08/2023;8;;;
89;1658;16;66.62;27/08/2023;7;;;
89;1129;12;35.35;11/08/2023;14;;;
89;1103;30;82.65;03/08/2023;4;;;
89;2423;43;35.28;02/08/2023;14;;;
90;1973;42;71.85;26/08/2023;2;;;
90;2734;31;67.94;22/08/2023;15;;;
91;2838;43;46.81;26/08/2023;18;;;
92;2431;14;75.97;27/08/2023;3;;;
92;1264;18;61.7;21/08/2023;16;;;
92;1013;22;10.39;13/08/2023;4;;;
93;1645;27;93.99;26/08/2023;18;;;
94;2610;37;33.13;13/08/2023;4;;;
94;2710;24;24.02;10/08/2023;5;;;
95;2264;24;22.6;31/08/2023;20;;;
95;1626;29;52.09;10/08/2023;21;;;
96;1275;4;86.83;17/08/2023;16;;;
96;2900;15;80.97;15/08/2023;11;;;
96;2822;30;11.36;09/08/2023;3;;;
96;2442;40;25.66;07/08/2023;15;;;
97;1965;4;77.62;11/08/2023;13;;;
99;1371;7;20.82;29/08/2023;1;;;
100;2469;47;47.82;20/08/2023;4;;;
100;1785;24;42.51;09/08/2023;1;;;
101;2091;1;51.83;25/08/2023;10;;;
101;1998;22;24.74;19/08/2023;21;;;
102;2360;4;95.37;17/08/2023;10;;;
102;2187;10;41.58;11/08/2023;12;;;
102;2717;14;48.84;08/08/2023;11;;;
103;1362;34;91.63;14/08/2023;4;;;
103;1046;27;82.01;01/08/2023;16;;;
104;1930;28;73.3;02/08/2023;19;;;
106;1113;17;47.26;14/08/2023;12;;;
106;1858;10;95.93;13/08/2023;18;;;
106;1142;2;88.74;08/08/2023;4;;;
107;2847;33;33.36;01/08/2023;14;;;
108;1603;15;83.32;02/08/2023;16;;;
109;1440;14;60.49;02/08/2023;20;;;
110;2182;24;83.21;02/08/2023;18;;;
111;2829;9;16.53;27/08/2023;3;;;
111;1470;5;42.67;02/08/2023;20;;;
112;2288;43;61.06;08/08/2023;17;;;
112;1320;49;52.06;06/08/2023;9;;;
112;1223;8;18.57;01/08/2023;17;;;
113;1396;27;31.82;24/08/2023;11;;;
113;2764;43;98.46;16/08/2023;18;;;
114;1152;8;17.15;24/08/2023;12;;;
114;2404;27;61.13;19/08/2023;5;;;
114;2767;4;28.04;17/08/2023;16;;;
114;2649;11;50.66;15/08/2023;9;;;
116;2661;39;93.94;02/08/2023;8;;;
117;1989;38;61.74;11/08/2023;15;;;
118;1228;30;32.39;31/08/2023;2;;;
118;1171;12;24.68;09/08/2023;15;;;
119;1340;31;25.96;31/08/2023;10;;;
119;2185;30;36.78;24/08/2023;20;;;
119;2123;47;85.39;01/08/2023;17;;;
120;2417;25;28.64;22/08/2023;21;;;
121;1241;6;96.99;30/08/2023;8;;;
121;2905;42;42.33;12/08/2023;1;;;
121;1056;11;86.88;11/08/2023;12;;;
121;1246;47;75.5;08/08/2023;20;;;
121;1101;11;52.15;03/08/2023;14;;;
121;2945;18;68.63;01/08/2023;1;;;
122;1363;23;48.93;18/08/2023;21;;;
122;1515;27;14.7;12/08/2023;8;;;
122;1403;40;61.42;08/08/2023;6;;;
122;1042;19;50.59;01/08/2023;16;;;
124;1073;43;78.6;14/08/2023;17;;;
127;1594;30;56.38;21/08/2023;8;;;
128;2265;12;55.19;08/08/2023;13;;;
128;1924;43;85.31;06/08/2023;10;;;
128;2766;22;91.07;04/08/2023;21;;;
130;2124;39;35.47;20/08/2023;1;;;
130;1074;37;41.89;16/08/2023;16;;;
130;2589;47;34.52;04/08/2023;13;;;
131;1867;6;36.58;28/08/2023;15;;;
131;1822;7;12.22;24/08/2023;1;;;
131;1125;35;24.49;09/08/2023;11;;;
131;2002;17;17.64;04/08/2023;8;;;
132;2834;6;14.43;23/08/2023;10;;;
132;1812;49;12.13;07/08/2023;6;;;
133;1618;12;45.62;29/08/2023;10;;;
133;1591;30;74.65;19/08/2023;2;;;
133;2380;46;95.22;18/08/2023;13;;;
133;2457;24;95.77;16/08/2023;15;;;
133;2804;16;39.01;16/08/2023;15;;;
133;1825;6;38.94;13/08/2023;15;;;
133;1287;20;11.92;04/08/2023;3;;;
134;2594;3;24.86;11/08/2023;19;;;
135;2781;14;78.47;29/08/2023;11;;;
135;2329;43;43.07;16/08/2023;7;;;
135;2022;17;29.98;13/08/2023;17;;;
135;2875;11;91.08;06/08/2023;10;;;
136;2671;2;98.23;30/08/2023;17;;;
136;2441;24;25.7;22/08/2023;16;;;
136;1624;39;86.38;07/08/2023;3;;;
136;1368;8;83.3;01/08/2023;7;;;
137;1269;36;82.12;30/08/2023;6;;;
138;2761;19;14.55;27/08/2023;3;;;
138;2042;44;65.46;25/08/2023;16;;;
138;2353;2;10.51;17/08/2023;15;;;
139;1452;25;40.8;31/08/2023;15;;;
139;1964;12;47.42;28/08/2023;20;;;
139;1807;5;74.2;24/08/2023;20;;;
139;2275;3;40.14;17/08/2023;18;;;
140;1819;35;45.72;26/08/2023;6;;;
140;1236;3;80.07;06/08/2023;19;;;
141;1725;35;77.82;07/08/2023;1;;;
142;2466;21;69.89;23/08/2023;12;;;
142;2122;15;79.55;17/08/2023;20;;;
142;1818;30;47.03;12/08/2023;8;;;
143;2956;35;57.98;14/08/2023;2;;;
143;1746;20;12.25;12/08/2023;1;;;
144;1088;36;97.11;31/08/2023;9;;;
144;2777;19;66.94;31/08/2023;5;;;
144;2320;2;45.17;24/08/2023;2;;;
144;2552;21;20.19;20/08/2023;2;;;
144;1662;4;76.53;17/08/2023;15;;;
144;1782;5;97.86;10/08/2023;12;;;
146;2427;10;93.7;06/08/2023;6;;;
147;2345;14;49.34;31/08/2023;19;;;
147;2302;23;74.31;16/08/2023;19;;;
147;1485;3;12.14;09/08/2023;6;;;
148;1724;35;99.42;16/08/2023;5;;;
149;1336;35;56.86;25/08/2023;15;;;
149;1100;2;24.63;16/08/2023;19;;;
149;1317;17;88.2;12/08/2023;16;;;
149;2630;2;47.82;11/08/2023;16;;;
150;1947;30;21.83;24/08/2023;1;;;
150;2424;1;58.11;12/08/2023;12;;;
150;2338;6;30.41;01/08/2023;11;;;
151;2920;5;93.08;11/08/2023;11;;;
151;1544;12;17;01/08/2023;6;;;
152;1766;42;62.09;29/08/2023;11;;;
152;1096;48;19.89;22/08/2023;21;;;
153;1781;41;65.19;16/08/2023;18;;;
153;1393;5;82.4;13/08/2023;8;;;
153;1294;4;64.73;11/08/2023;18;;;
154;1619;28;62.43;26/08/2023;14;;;
154;2095;11;91.19;23/08/2023;1;;;
155;2698;28;14.68;30/08/2023;2;;;
157;2268;49;61.39;30/08/2023;17;;;
157;1339;29;48.76;26/08/2023;6;;;
158;2368;7;86.44;29/08/2023;15;;;
158;1810;22;78.19;02/08/2023;5;;;
159;1352;1;80.92;10/08/2023;18;;;
159;1252;6;57.02;03/08/2023;21;;;
160;1569;10;54.91;02/08/2023;16;;;
162;2800;3;27.19;09/08/2023;3;;;
162;2408;18;34.02;01/08/2023;10;;;
162;2584;32;66.27;01/08/2023;8;;;
164;1234;18;28.64;21/08/2023;10;;;
164;1849;27;78.91;20/08/2023;9;;;
164;2012;36;83.67;17/08/2023;6;;;
165;2836;14;15.33;23/08/2023;9;;;
165;2627;14;32.83;10/08/2023;20;;;
165;2434;6;14.92;03/08/2023;4;;;
167;1736;16;26.03;31/08/2023;8;;;
167;1717;34;30.18;19/08/2023;12;;;
168;2024;22;26.79;27/08/2023;18;;;
168;2801;50;93.92;21/08/2023;11;;;
168;2307;32;40.73;10/08/2023;12;;;
168;2078;32;36.89;08/08/2023;5;;;
168;1374;28;63.34;07/08/2023;11;;;
169;2013;16;83.04;28/08/2023;18;;;
169;2534;10;98.98;22/08/2023;21;;;
170;2962;14;21.55;27/08/2023;15;;;
170;1079;38;53.76;18/08/2023;6;;;
172;2690;16;85.51;30/08/2023;14;;;
172;2475;20;54.04;27/08/2023;4;;;
172;1881;32;66.23;15/08/2023;8;;;
174;2379;35;26.15;23/08/2023;12;;;
174;2824;15;16.72;23/08/2023;16;;;
175;1943;17;59.62;16/08/2023;21;;;
175;1648;33;11.92;03/08/2023;4;;;
176;2556;49;83.41;23/08/2023;17;;;
176;1525;16;26.75;11/08/2023;17;;;
176;1589;7;21.05;02/08/2023;20;;;
177;1710;38;84.15;28/08/2023;3;;;
177;2349;1;64.31;05/08/2023;11;;;
177;1925;4;49.26;03/08/2023;2;;;
179;1040;38;27.04;24/08/2023;1;;;
179;1814;9;34.39;19/08/2023;18;;;
179;1863;18;15.61;18/08/2023;16;;;
180;2574;38;46.33;07/08/2023;2;;;
181;1788;5;51.15;24/08/2023;19;;;
181;1883;34;24.51;19/08/2023;14;;;
181;1580;24;14.05;16/08/2023;15;;;
182;2272;9;22.58;23/08/2023;6;;;
184;1384;43;67.03;29/08/2023;8;;;
184;2256;32;97.21;29/08/2023;12;;;
184;1383;11;34.31;17/08/2023;4;;;
184;2425;44;85.27;01/08/2023;9;;;
186;2815;21;58.75;09/08/2023;9;;;
187;1870;16;88.55;17/08/2023;4;;;
187;1366;46;47.53;11/08/2023;20;;;
188;2768;18;49.94;11/08/2023;1;;;
188;1565;17;66.33;04/08/2023;5;;;
189;1638;14;17.8;25/08/2023;8;;;
190;1621;50;17.29;31/08/2023;20;;;
193;2720;15;29.89;07/08/2023;11;;;
194;1007;26;42.42;18/08/2023;1;;;
194;2756;16;56.69;16/08/2023;16;;;
194;2845;21;10.13;15/08/2023;21;;;
195;2512;18;60.01;31/08/2023;15;;;
195;1926;11;42.81;17/08/2023;14;;;
198;2478;16;96.31;30/08/2023;14;;;
198;1402;18;49.29;29/08/2023;19;;;
198;1804;4;91.41;08/08/2023;13;;;
199;1548;2;84.22;29/08/2023;9;;;
199;2101;29;54.07;13/08/2023;6;;;
200;1272;8;35.62;31/08/2023;11;;;
200;2579;22;80.11;11/08/2023;10;;;
201;1421;41;34.79;17/08/2023;21;;;
201;1023;3;29.16;13/08/2023;21;;;
201;2598;36;21.64;08/08/2023;8;;;
202;2486;48;51.22;23/08/2023;13;;;
203;1420;11;90.33;03/08/2023;16;;;
204;1466;22;57.3;04/08/2023;15;;;
205;1640;7;49.11;29/08/2023;21;;;
205;1562;44;18.68;21/08/2023;15;;;
205;2461;30;13.44;07/08/2023;16;;;
206;1775;21;83.01;30/08/2023;13;;;
206;1771;17;10.78;20/08/2023;3;;;
207;2375;32;34.94;20/08/2023;20;;;
207;1617;41;80.68;04/08/2023;18;;;
209;2652;21;75.41;31/08/2023;11;;;
209;2468;26;47.15;12/08/2023;14;;;
209;1297;27;70.44;04/08/2023;19;;;
210;2111;45;79.45;07/08/2023;1;;;
211;1014;15;55.87;26/08/2023;21;;;
211;2714;32;57.49;23/08/2023;12;;;
211;1479;31;32.79;15/08/2023;15;;;
211;1415;29;58.14;04/08/2023;18;;;
212;2739;39;24.14;31/08/2023;6;;;
212;1820;37;82.13;29/08/2023;5;;;
213;1739;48;52.8;23/08/2023;21;;;
213;2590;10;55.19;22/08/2023;14;;;
213;1302;23;68.12;09/08/2023;10;;;
214;1261;21;90.89;02/08/2023;10;;;
216;1080;50;12.32;20/08/2023;2;;;
217;2139;7;10.44;20/08/2023;8;;;
217;1912;27;17.09;16/08/2023;12;;;
219;1130;4;61.6;28/08/2023;15;;;
219;2165;12;62.57;24/08/2023;15;;;
219;2538;47;31.9;20/08/2023;1;;;
220;2873;28;11.82;31/08/2023;12;;;
220;2939;38;95.66;24/08/2023;6;;;
221;2025;46;97.18;29/08/2023;2;;;
221;2048;38;78.74;19/08/2023;2;;;
221;2416;11;29.48;19/08/2023;4;;;
221;1576;6;51.88;17/08/2023;20;;;
221;1144;28;71.9;13/08/2023;18;;;
223;1355;7;81.91;12/08/2023;13;;;
223;1721;48;66.87;08/08/2023;2;;;
224;2355;43;67.62;18/08/2023;16;;;
225;1674;42;78.51;20/08/2023;13;;;
225;2515;35;36.66;12/08/2023;18;;;
226;2308;31;93.61;06/08/2023;19;;;
226;1763;42;53.24;03/08/2023;7;;;
227;1649;17;81.42;01/08/2023;11;;;
228;2996;47;14.25;05/08/2023;3;;;
229;2983;11;12.25;16/08/2023;16;;;
229;2383;6;29.37;07/08/2023;6;;;
230;2285;30;11.46;28/08/2023;6;;;
230;2014;50;11.79;13/08/2023;5;;;
230;2458;44;35.24;13/08/2023;6;;;
230;1335;33;76.22;11/08/2023;15;;;
231;2071;16;93.49;20/08/2023;12;;;
232;1239;24;66.31;18/08/2023;15;;;
232;1377;27;74.02;01/08/2023;18;;;
233;2785;15;38.63;25/08/2023;8;;;
233;2301;46;82.93;06/08/2023;9;;;
234;1861;47;55.68;21/08/2023;20;;;
234;2220;2;92.82;01/08/2023;2;;;
236;2343;38;75.74;30/08/2023;10;;;
236;2448;25;82.51;17/08/2023;12;;;
236;1828;33;69.28;13/08/2023;15;;;
238;2711;32;26.69;30/08/2023;8;;;
238;1346;9;15.01;25/08/2023;2;;;
238;2157;40;20.6;13/08/2023;9;;;
238;2749;20;19.7;13/08/2023;4;;;
238;1816;42;13.77;09/08/2023;17;;;
238;2374;44;55.76;03/08/2023;6;;;
239;2965;18;98.66;23/08/2023;13;;;
239;1887;24;89.62;21/08/2023;4;;;
239;1482;8;10.01;15/08/2023;2;;;
240;2318;38;54.25;24/08/2023;19;;;
241;1848;28;92.95;08/08/2023;4;;;
242;2792;26;80.19;08/08/2023;6;;;
242;1738;26;20.26;07/08/2023;15;;;
245;1651;31;48.49;11/08/2023;1;;;
245;1719;9;29.55;06/08/2023;1;;;
247;2520;10;26.37;30/08/2023;9;;;
247;2134;31;94.23;07/08/2023;4;;;
247;1092;49;51.62;04/08/2023;14;;;
247;1489;20;57.77;01/08/2023;13;;;
248;1004;8;13.83;02/08/2023;8;;;
249;2727;14;89.99;10/08/2023;4;;;
249;1696;8;70.1;03/08/2023;1;;;
250;2488;48;93.04;14/08/2023;8;;;
250;1019;24;14.09;13/08/2023;13;;;
251;1438;40;43.78;03/08/2023;13;;;
253;2072;48;85.44;03/08/2023;2;;;
254;2731;24;68.21;22/08/2023;15;;;
254;1332;22;47.14;21/08/2023;1;;;
254;1181;33;97.1;03/08/2023;13;;;
255;1136;43;68.21;15/08/2023;16;;;
255;2316;11;56.57;05/08/2023;11;;;
256;2155;33;97.63;31/08/2023;7;;;
256;1206;12;60.3;29/08/2023;11;;;
256;1643;25;56.01;07/08/2023;18;;;
257;1439;31;38.21;30/08/2023;11;;;
258;1086;17;20.5;27/08/2023;6;;;
258;2432;24;49.84;24/08/2023;3;;;
258;2993;27;82.54;17/08/2023;11;;;
258;2853;2;77.44;11/08/2023;5;;;
260;1901;34;16.99;09/08/2023;10;;;
261;1599;46;50.51;30/08/2023;3;;;
261;1328;35;42.34;21/08/2023;5;;;
261;1557;24;65.27;14/08/2023;4;;;
261;2840;31;74.66;05/08/2023;9;;;
263;1950;50;32.21;31/08/2023;17;;;
263;1375;17;77.35;27/08/2023;6;;;
264;1174;3;30.69;22/08/2023;4;;;
264;1194;38;54.52;21/08/2023;14;;;
264;1041;38;73.19;06/08/2023;20;;;
265;1938;17;27.08;16/08/2023;10;;;
266;1900;49;50.31;18/08/2023;17;;;
266;1803;23;25.9;02/08/2023;3;;;
267;1983;30;49.67;09/08/2023;19;;;
267;1342;50;68.36;05/08/2023;8;;;
267;1875;24;31.51;02/08/2023;17;;;
268;2861;17;29.93;28/08/2023;1;;;
268;1948;47;63.05;14/08/2023;9;;;
268;1461;43;78.69;12/08/2023;16;;;
269;2266;23;50.25;28/08/2023;18;;;
269;2105;34;68.14;14/08/2023;17;;;
269;2735;36;74.77;04/08/2023;8;;;
269;2907;37;83.2;01/08/2023;10;;;
270;1057;24;94.4;27/08/2023;10;;;
271;1765;31;31.13;09/08/2023;18;;;
272;2917;2;37.68;13/08/2023;19;;;
273;1783;15;64.7;17/08/2023;17;;;
273;2361;26;56.87;13/08/2023;17;;;
274;2166;38;12.64;25/08/2023;17;;;
275;2180;32;50.33;27/08/2023;15;;;
275;2811;4;19.4;15/08/2023;16;;;
275;2200;19;84.48;09/08/2023;8;;;
275;1916;20;15.36;03/08/2023;10;;;
277;1632;23;67.35;24/08/2023;3;;;
277;2645;25;96.35;21/08/2023;19;;;
277;2336;21;40.68;06/08/2023;12;;;
278;1214;17;76.08;22/08/2023;13;;;
278;2626;33;66.85;20/08/2023;3;;;
279;1163;3;40.06;22/08/2023;5;;;
279;2233;10;94.91;19/08/2023;16;;;
279;1464;23;58.79;15/08/2023;12;;;
279;1851;44;93.68;14/08/2023;5;;;
279;1119;32;32.05;05/08/2023;17;;;
279;2835;34;30.61;03/08/2023;21;;;
280;2394;33;35.23;20/08/2023;19;;;
281;1779;17;24.66;30/08/2023;7;;;
281;1978;17;95.72;07/08/2023;4;;;
281;2613;29;22.11;07/08/2023;17;;;
281;1115;1;90.16;03/08/2023;13;;;
282;2548;2;91.96;28/08/2023;16;;;
282;1793;19;70.56;21/08/2023;11;;;
283;1761;15;27.47;17/08/2023;19;;;
283;1106;13;99.26;08/08/2023;11;;;
284;1260;48;97.49;10/08/2023;18;;;
284;1138;1;61.88;09/08/2023;15;;;
284;2152;32;47.04;08/08/2023;10;;;
285;2435;41;88.31;30/08/2023;6;;;
285;1817;22;31.56;15/08/2023;5;;;
285;2837;39;78.1;14/08/2023;7;;;
285;1108;36;28.62;08/08/2023;1;;;
285;1225;47;20.11;01/08/2023;8;;;
286;2064;29;99.91;27/08/2023;7;;;
286;1455;49;22.3;14/08/2023;13;;;
286;2370;1;92.62;14/08/2023;21;;;
286;1913;8;72.82;10/08/2023;20;;;
287;1255;43;39.96;24/08/2023;12;;;
287;2010;24;57.95;03/08/2023;3;;;
289;1015;37;93.77;16/08/2023;6;;;
289;2644;20;25.65;05/08/2023;15;;;
289;1293;28;37.91;02/08/2023;7;;;
290;1957;8;48.64;14/08/2023;10;;;
291;1354;17;71.9;22/08/2023;20;;;
292;1226;18;46.44;14/08/2023;17;;;
294;2388;3;11.52;31/08/2023;1;;;
294;2342;47;89.84;27/08/2023;10;;;
294;1853;1;77.56;16/08/2023;13;;;
294;1990;46;79.22;15/08/2023;9;;;
295;2973;18;67.42;22/08/2023;17;;;
295;2119;48;98.74;10/08/2023;8;;;
295;1303;33;49.64;03/08/2023;6;;;
297;1310;30;27.24;26/08/2023;12;;;
298;2808;28;75.46;31/08/2023;16;;;
298;2126;37;32.03;21/08/2023;12;;;
298;2521;16;64.29;20/08/2023;2;;;
299;2908;43;70.71;17/08/2023;11;;;
300;1010;17;75.46;28/08/2023;10;;;
302;1351;23;91.9;27/08/2023;1;;;
302;1008;19;79.48;20/08/2023;3;;;
304;1065;9;53.87;31/08/2023;18;;;
305;1982;35;31.83;29/08/2023;5;;;
305;2653;25;32.88;28/08/2023;21;;;
305;1752;8;17.29;16/08/2023;20;;;
305;1102;40;12.76;08/08/2023;6;;;
306;1564;16;23.74;27/08/2023;11;;;
306;1715;18;79.83;21/08/2023;6;;;
306;1341;37;33.65;20/08/2023;3;;;
306;1296;20;77.88;18/08/2023;10;;;
308;1427;31;89.22;01/08/2023;3;;;
309;2409;13;28.04;27/08/2023;13;;;
309;1537;22;49.05;04/08/2023;2;;;
309;2651;26;66.99;03/08/2023;5;;;
310;1795;40;48.16;06/08/2023;21;;;
310;1856;38;81.55;03/08/2023;7;;;
311;2289;11;14.68;21/08/2023;4;;;
311;1205;8;46.11;12/08/2023;16;;;
311;1745;44;69.74;07/08/2023;8;;;
311;2365;45;24.89;03/08/2023;18;;;
312;1954;42;38.26;26/08/2023;19;;;
312;2001;50;46.56;15/08/2023;3;;;
313;1552;25;95.62;24/08/2023;8;;;
313;2306;14;21.33;23/08/2023;12;;;
313;2326;16;20.13;20/08/2023;13;;;
313;2162;4;89.99;05/08/2023;20;;;
314;2438;22;21.58;14/08/2023;5;;;
315;1388;26;17.71;25/08/2023;6;;;
315;1941;49;52.37;25/08/2023;13;;;
315;1314;36;24.94;19/08/2023;8;;;
316;1067;22;81.55;22/08/2023;8;;;
317;2806;6;31.09;31/08/2023;4;;;
317;2733;45;76.08;18/08/2023;2;;;
318;2588;18;58.02;06/08/2023;11;;;
320;1654;28;80.67;24/08/2023;17;;;
320;1164;13;66.6;20/08/2023;1;;;
321;2842;38;38.38;24/08/2023;7;;;
322;2529;23;28.15;15/08/2023;21;;;
323;2215;20;62.23;28/08/2023;12;;;
323;2603;47;13.25;28/08/2023;4;;;
323;2750;5;40.99;24/08/2023;17;;;
323;1006;46;83.5;19/08/2023;4;;;
324;1153;28;52.23;07/08/2023;15;;;
325;2623;44;70.31;11/08/2023;7;;;
325;1147;17;11.68;01/08/2023;7;;;
327;1448;32;49.67;31/08/2023;12;;;
328;1760;42;33.05;29/08/2023;11;;;
328;2688;40;49.58;03/08/2023;17;;;
329;2229;12;26.91;20/08/2023;15;;;
329;2005;42;87.64;09/08/2023;13;;;
329;2243;42;45.15;02/08/2023;21;;;
330;2544;39;54.55;21/08/2023;9;;;
330;2803;13;23.07;20/08/2023;2;;;
330;2985;21;30.35;06/08/2023;11;;;
330;2782;25;99.06;04/08/2023;15;;;
331;1267;43;72.56;13/08/2023;15;;;
333;2583;5;96.05;01/08/2023;9;;;
335;1670;15;66.29;29/08/2023;17;;;
335;2080;4;30.9;29/08/2023;15;;;
336;2505;36;98.31;19/08/2023;16;;;
337;2230;7;68.8;01/08/2023;3;;;
337;2453;13;70.4;01/08/2023;10;;;
338;2195;7;49.88;20/08/2023;3;;;
338;2986;9;16.64;02/08/2023;16;;;
339;2327;34;16.89;19/08/2023;3;;;
340;2054;26;78.14;15/08/2023;13;;;
340;2169;25;30.81;06/08/2023;17;;;
342;2142;44;24.68;20/08/2023;10;;;
342;1699;19;70.15;19/08/2023;11;;;
342;1742;25;80.92;10/08/2023;21;;;
342;1574;22;95.98;05/08/2023;19;;;
342;1956;1;93.55;01/08/2023;10;;;
343;1099;26;74.81;17/08/2023;13;;;
343;2362;1;30.22;10/08/2023;14;;;
345;2098;20;19.59;21/08/2023;15;;;
346;2451;28;60.66;26/08/2023;19;;;
346;1780;40;18.1;10/08/2023;18;;;
346;2181;38;40.15;06/08/2023;18;;;
346;2716;3;33.38;04/08/2023;12;;;
347;2946;48;81.38;19/08/2023;4;;;
348;2445;44;60.19;08/08/2023;2;;;
348;1127;19;84.42;06/08/2023;15;;;
350;1605;9;13.74;08/08/2023;3;;;
350;1937;2;37.92;07/08/2023;20;;;
351;2292;42;23.93;28/08/2023;13;;;
351;1477;49;42.36;13/08/2023;13;;;
351;1666;1;31.02;02/08/2023;4;;;
352;2494;36;39.52;26/08/2023;16;;;
352;1304;12;31.57;03/08/2023;19;;;
353;1633;31;99.88;03/08/2023;8;;;
354;2954;41;99.21;29/08/2023;18;;;
354;2949;32;93.42;08/08/2023;18;;;
354;1020;46;34.6;03/08/2023;10;;;
354;1534;19;83.2;03/08/2023;9;;;
355;1675;12;97.57;13/08/2023;7;;;
356;1523;13;82.32;28/08/2023;2;;;
356;2351;7;24.59;07/08/2023;10;;;
356;1444;3;91.02;03/08/2023;7;;;
357;2926;6;84.72;20/08/2023;13;;;
357;1488;26;33.98;01/08/2023;20;;;
358;2196;18;89.38;22/08/2023;20;;;
358;1107;42;63.29;19/08/2023;17;;;
359;1561;21;52.29;28/08/2023;17;;;
359;1613;24;31.89;27/08/2023;4;;;
359;1966;32;76.87;21/08/2023;15;;;
359;2455;36;44.65;18/08/2023;2;;;
359;2477;20;53.12;04/08/2023;12;;;
359;1157;46;69.38;03/08/2023;18;;;
361;1232;15;50.65;13/08/2023;11;;;
363;1857;4;62.5;29/08/2023;5;;;
363;2864;38;70.4;28/08/2023;18;;;
364;1350;6;82.84;25/08/2023;4;;;
364;1458;9;47.96;21/08/2023;15;;;
365;2850;25;36.46;25/08/2023;8;;;
365;2085;18;86.52;04/08/2023;10;;;
366;1009;44;43;21/08/2023;9;;;
366;2440;32;84.31;01/08/2023;8;;;
367;1791;2;91.31;30/08/2023;21;;;
368;1579;43;35.65;19/08/2023;1;;;
369;1646;43;30.32;19/08/2023;21;;;
369;2248;49;98.67;11/08/2023;15;;;
369;1726;23;90.38;02/08/2023;18;;;
370;1758;49;67.68;01/08/2023;20;;;
370;2129;21;51.23;01/08/2023;1;;;
371;2188;8;24.58;30/08/2023;2;;;
371;1584;18;74.04;24/08/2023;21;;;
372;1910;23;83.3;13/08/2023;5;;;
372;2827;7;58.83;04/08/2023;20;;;
373;2703;27;75.54;25/08/2023;12;;;
373;2340;22;66.3;15/08/2023;9;;;
373;2011;45;12.45;01/08/2023;10;;;
374;1835;2;51.88;16/08/2023;4;;;
374;2572;41;47.75;13/08/2023;2;;;
374;1372;10;81.83;08/08/2023;4;;;
375;2219;45;22.45;27/08/2023;3;;;
376;2759;12;50.6;27/08/2023;1;;;
376;2297;14;79.03;20/08/2023;3;;;
376;2235;18;95.19;08/08/2023;4;;;
377;2300;42;72.02;09/08/2023;14;;;
378;1838;11;23.19;15/08/2023;14;;;
378;1469;21;69.34;01/08/2023;19;;;
380;2995;11;57.66;23/08/2023;7;;;
381;1531;19;89.97;31/08/2023;4;;;
381;1038;22;57.5;12/08/2023;3;;;
382;2911;11;95.98;05/08/2023;13;;;
383;1447;13;15.42;26/08/2023;11;;;
383;2198;50;41.29;19/08/2023;14;;;
384;2699;31;83.34;17/08/2023;17;;;
384;1905;49;31.09;08/08/2023;21;;;
384;2695;28;27.32;02/08/2023;6;;;
386;2673;33;79.86;22/08/2023;12;;;
386;1021;23;73.94;11/08/2023;21;;;
387;1630;19;80.99;25/08/2023;12;;;
387;2487;49;83.54;14/08/2023;6;;;
387;2904;40;79.4;14/08/2023;5;;;
387;1118;47;98.74;04/08/2023;9;;;
388;1908;12;43.23;01/08/2023;17;;;
389;1077;39;30.12;23/08/2023;4;;;
389;2210;6;81.62;23/08/2023;8;;;
389;1676;13;30.26;07/08/2023;12;;;
389;1787;21;74.5;04/08/2023;1;;;
390;1527;43;12.2;26/08/2023;17;;;
390;2744;31;53.35;21/08/2023;14;;;
390;1337;24;28.81;16/08/2023;12;;;
390;2479;50;83.01;13/08/2023;20;;;
390;1578;15;17.25;10/08/2023;18;;;
392;2053;14;82.98;29/08/2023;8;;;
392;1052;6;34.67;21/08/2023;3;;;
393;2228;23;87.23;24/08/2023;18;;;
394;1873;22;37.61;22/08/2023;8;;;
394;2491;36;10.36;22/08/2023;20;;;
394;2328;10;23.99;09/08/2023;7;;;
396;1864;38;20.85;02/08/2023;8;;;
397;2223;49;77.7;16/08/2023;7;;;
397;2389;19;71.13;11/08/2023;3;;;
398;1623;16;86.19;21/08/2023;2;;;
398;2083;2;14.15;14/08/2023;7;;;
398;1407;38;38.27;13/08/2023;1;;;
398;2664;2;39.64;10/08/2023;11;;;
399;2607;19;28.84;25/08/2023;17;;;
400;1445;15;57.83;27/08/2023;12;;;
400;1158;36;14.58;23/08/2023;18;;;
400;1878;16;70.4;09/08/2023;6;;;
401;2779;46;23.76;31/08/2023;16;;;
401;2964;16;81.27;29/08/2023;21;;;
401;2008;28;12.79;08/08/2023;13;;;
402;1120;17;33.93;25/08/2023;1;;;
402;2963;23;72.29;12/08/2023;4;;;
403;2639;12;82.87;03/08/2023;16;;;
404;1209;17;69.35;29/08/2023;2;;;
405;1208;1;55.28;17/08/2023;9;;;
405;2909;30;93.49;15/08/2023;7;;;
407;2635;43;46.69;13/08/2023;18;;;
407;1831;34;26.35;02/08/2023;21;;;
408;1842;42;90.59;15/08/2023;21;;;
409;2595;50;95.35;28/08/2023;1;;;
409;2173;40;73.44;20/08/2023;3;;;
410;2504;47;27.91;13/08/2023;15;;;
410;1555;21;33.11;08/08/2023;18;;;
411;1526;47;62.93;22/08/2023;20;;;
411;1259;9;40.4;17/08/2023;10;;;
411;1250;4;40.44;05/08/2023;4;;;
412;2722;46;39.61;08/08/2023;11;;;
413;2812;36;78.71;11/08/2023;17;;;
414;2596;41;70.5;18/08/2023;9;;;
414;1076;9;32.71;12/08/2023;5;;;
415;2577;11;16.81;12/08/2023;2;;;
418;1487;44;92.62;28/08/2023;11;;;
418;1367;2;92.69;06/08/2023;12;;;
418;2867;10;92.5;06/08/2023;12;;;
419;1691;25;61.02;20/08/2023;4;;;
420;1744;13;41.9;31/08/2023;20;;;
420;1502;29;62.07;16/08/2023;16;;;
420;2369;47;26.4;11/08/2023;4;;;
421;2874;14;98.21;27/08/2023;5;;;
422;1824;49;38;13/08/2023;11;;;
422;2769;26;67.03;08/08/2023;10;;;
423;2773;18;82.98;25/08/2023;12;;;
423;1585;15;91.89;23/08/2023;5;;;
423;2367;47;45.01;09/08/2023;7;;;
423;2979;35;11.97;03/08/2023;11;;;
424;2363;25;34.52;11/08/2023;19;;;
424;1110;8;95.5;09/08/2023;1;;;
425;2088;20;69.07;19/08/2023;18;;;
426;2089;11;57.17;20/08/2023;21;;;
426;1563;29;10.31;15/08/2023;8;;;
426;2260;3;75.33;05/08/2023;12;;;
428;1823;30;74.91;19/08/2023;2;;;
431;1866;5;99.91;07/08/2023;6;;;
432;2981;18;51.14;22/08/2023;9;;;
432;2869;44;19.64;18/08/2023;2;;;
432;2915;17;34.28;09/08/2023;12;;;
432;1607;15;26.98;03/08/2023;8;;;
433;1435;32;30.4;27/08/2023;11;;;
433;1656;43;46.41;18/08/2023;2;;;
434;1199;25;59;25/08/2023;21;;;
434;2333;8;72;21/08/2023;13;;;
435;1045;33;51.9;10/08/2023;7;;;
435;2887;8;93.17;08/08/2023;7;;;
435;2795;27;81.15;05/08/2023;14;;;
436;1711;25;65.08;26/08/2023;12;;;
436;2104;10;19.58;14/08/2023;14;;;
437;2849;48;86.74;19/08/2023;19;;;
437;1465;27;41.76;15/08/2023;20;;;
438;1399;33;18.68;29/08/2023;3;;;
438;2636;6;11.17;26/08/2023;19;;;
438;2222;49;26.37;10/08/2023;12;;;
438;1093;41;93.94;07/08/2023;17;;;
439;2508;50;12.59;22/08/2023;13;;;
439;1139;8;56.97;20/08/2023;9;;;
440;1159;42;42.94;23/08/2023;2;;;
442;2702;18;61.47;23/08/2023;1;;;
442;1405;22;88.18;18/08/2023;5;;;
442;2517;40;64.01;14/08/2023;4;;;
442;2429;33;66.75;13/08/2023;10;;;
442;1897;34;82.11;09/08/2023;1;;;
443;2462;47;96.88;26/08/2023;16;;;
444;2449;48;79.65;24/08/2023;6;;;
444;1722;26;20.72;13/08/2023;17;;;
444;1627;25;23.31;10/08/2023;9;;;
445;1706;3;17.15;31/08/2023;3;;;
446;2335;7;48;21/08/2023;5;;;
447;1773;1;13.99;27/08/2023;4;;;
447;2528;3;49.8;24/08/2023;11;;;
449;2278;44;65.55;31/08/2023;15;;;
449;2657;47;96.39;14/08/2023;14;;;
449;2286;5;92.21;11/08/2023;2;;;
449;1242;35;43.59;07/08/2023;9;;;
449;2096;19;46.29;06/08/2023;2;;;
450;2881;36;25.32;09/08/2023;4;;;
450;1694;4;14.03;03/08/2023;8;;;
451;1270;2;89.54;31/08/2023;20;;;
453;1877;3;96.25;10/08/2023;9;;;
454;1312;9;11;16/08/2023;10;;;
454;1003;37;54.38;13/08/2023;1;;;
455;2501;28;44.47;30/08/2023;19;;;
455;2378;8;32.38;12/08/2023;13;;;
455;2951;23;57.03;03/08/2023;19;;;
456;1429;17;92.72;24/08/2023;2;;;
456;2601;1;76.38;22/08/2023;13;;;
456;1170;22;28.54;17/08/2023;8;;;
457;2675;48;75.2;22/08/2023;17;;;
457;2961;6;62.92;08/08/2023;18;;;
458;2898;38;87.88;16/08/2023;13;;;
459;2805;31;31.62;28/08/2023;13;;;
459;2858;22;60.65;12/08/2023;3;;;
460;1353;6;21.08;14/08/2023;4;;;
460;1462;6;20.81;07/08/2023;19;;;
461;1530;8;89.54;29/08/2023;11;;;
462;1048;30;62.95;31/08/2023;15;;;
462;1962;38;83.22;24/08/2023;15;;;
462;1066;39;95.14;03/08/2023;13;;;
463;1836;8;96.14;20/08/2023;16;;;
464;1854;20;97.05;22/08/2023;4;;;
464;2999;28;39.67;17/08/2023;13;;;
464;2550;11;59.68;01/08/2023;13;;;
464;2957;46;65.58;01/08/2023;7;;;
465;2003;18;24.66;14/08/2023;4;;;
465;2315;35;68.93;07/08/2023;19;;;
465;2586;33;96.03;02/08/2023;15;;;
466;2018;34;56.17;23/08/2023;19;;;
466;1030;4;56.31;17/08/2023;5;;;
466;1037;10;67.43;07/08/2023;11;;;
467;1072;18;23.36;24/08/2023;1;;;
468;1581;39;46.79;27/08/2023;14;;;
468;2857;7;45.02;16/08/2023;8;;;
469;2465;50;72.79;24/08/2023;14;;;
470;2535;46;72.72;29/08/2023;5;;;
470;2816;23;32.36;06/08/2023;1;;;
470;1203;50;38.26;03/08/2023;5;;;
472;1876;38;85.84;02/08/2023;4;;;
473;1707;27;82.88;31/08/2023;14;;;
473;1985;10;77.72;24/08/2023;11;;;
473;2127;7;57.35;20/08/2023;9;;;
473;2247;30;26.81;05/08/2023;1;;;
474;1064;35;41.38;18/08/2023;14;;;
474;2402;5;16.93;18/08/2023;16;;;
474;1050;26;65.49;15/08/2023;4;;;
475;2890;35;83.13;12/08/2023;1;;;
476;1098;25;98.05;24/08/2023;5;;;
476;2118;30;98.36;15/08/2023;15;;;
476;1321;3;78.8;07/08/2023;11;;;
476;2621;24;54.75;05/08/2023;8;;;
478;2405;3;16.36;26/08/2023;4;;;
478;2955;41;85.94;13/08/2023;8;;;
478;2371;10;14.98;08/08/2023;15;;;
478;1571;10;52.94;07/08/2023;21;;;
479;2899;19;88.25;21/08/2023;16;;;
479;2313;11;23.53;13/08/2023;17;;;
479;1180;29;96.79;09/08/2023;19;;;
479;2099;32;25.07;08/08/2023;2;;;
480;1637;12;13.21;18/08/2023;11;;;
481;2618;37;43.59;28/08/2023;21;;;
481;1906;13;44.48;08/08/2023;15;;;
482;2062;22;40.79;05/08/2023;2;;;
482;2564;22;53.56;03/08/2023;21;;;
483;2997;43;74.15;27/08/2023;2;;;
483;2376;23;76.55;24/08/2023;8;;;
483;1636;38;71.66;21/08/2023;14;;;
486;1894;34;70.37;28/08/2023;6;;;
487;1792;3;28.27;24/08/2023;20;;;
487;2762;22;45.85;17/08/2023;4;;;
487;1365;27;80.47;11/08/2023;5;;;
487;1300;14;95.58;10/08/2023;21;;;
488;2016;39;84.02;12/08/2023;5;;;
489;2646;27;75.01;24/08/2023;8;;;
489;2390;39;53.82;10/08/2023;6;;;
489;2570;37;48.92;02/08/2023;7;;;
490;2146;3;15.58;13/08/2023;9;;;
491;1349;18;25.15;15/08/2023;6;;;
491;1735;41;68.68;14/08/2023;8;;;
491;1914;37;44.9;01/08/2023;16;;;
493;2284;33;25.07;29/08/2023;15;;;
493;2770;1;76.68;01/08/2023;5;;;
494;1282;2;38.85;27/08/2023;10;;;
494;2938;29;82.43;05/08/2023;5;;;
495;1121;29;78.12;22/08/2023;5;;;
495;2659;27;96;21/08/2023;19;;;
495;2637;32;35.24;20/08/2023;19;;;
495;1494;23;62.17;12/08/2023;20;;;
496;1821;33;60.01;19/08/2023;15;;;
496;2422;31;20.97;06/08/2023;21;;;
497;1044;10;95.23;31/08/2023;2;;;
497;1601;43;86.4;30/08/2023;5;;;
497;1334;32;82.57;27/08/2023;10;;;
497;1124;9;98.56;23/08/2023;16;;;
498;2975;43;92.26;10/08/2023;13;;;
498;2082;30;63.82;02/08/2023;15;;;
499;2270;3;68.46;25/08/2023;1;;;
499;1468;22;48.73;23/08/2023;2;;;
499;2760;38;54.41;05/08/2023;21;;;
500;1749;8;33.8;16/08/2023;10;;;
501;1533;26;65.23;25/08/2023;12;;;
501;2019;22;32.45;01/08/2023;17;;;
502;1060;24;56.71;21/08/2023;6;;;
502;2551;33;74.79;12/08/2023;16;;;
503;2290;46;24.73;30/08/2023;8;;;
503;2560;49;56.86;27/08/2023;17;;;
503;1186;19;71.16;26/08/2023;7;;;
503;1663;44;61.3;24/08/2023;6;;;
505;1198;8;80.78;26/08/2023;14;;;
506;2743;23;78.53;09/08/2023;15;;;
506;1769;7;17.11;02/08/2023;19;;;
507;1343;14;43.8;19/08/2023;11;;;
508;1133;6;76.74;15/08/2023;1;;;
508;2960;30;33.44;12/08/2023;10;;;
508;1148;17;82.87;06/08/2023;20;;;
509;2575;11;79.36;22/08/2023;4;;;
509;2226;43;71.71;08/08/2023;12;;;
510;1813;5;41.55;23/08/2023;6;;;
511;1109;13;76.11;31/08/2023;16;;;
511;1888;40;25.25;28/08/2023;3;;;
512;1732;29;98.09;29/08/2023;1;;;
512;2108;4;18.57;22/08/2023;17;;;
513;1917;13;35.9;05/08/2023;4;;;
514;2912;11;95.8;30/08/2023;12;;;
514;1868;7;97.52;28/08/2023;11;;;
514;1309;48;26.44;18/08/2023;5;;;
514;2217;8;83.45;10/08/2023;20;;;
514;2592;20;90.29;09/08/2023;7;;;
514;1809;47;76.34;07/08/2023;14;;;
514;2540;43;31.14;04/08/2023;7;;;
515;2021;41;86.39;22/08/2023;3;;;
515;2687;21;31.12;17/08/2023;4;;;
515;2640;32;30.34;15/08/2023;14;;;
515;2141;13;86.44;06/08/2023;3;;;
516;1716;29;96.36;12/08/2023;14;;;
516;2906;6;61.77;08/08/2023;7;;;
516;1528;8;28.3;04/08/2023;13;;;
518;2280;40;36.56;24/08/2023;5;;;
518;2555;24;98.02;12/08/2023;3;;;
519;1184;7;31.56;17/08/2023;20;;;
519;2692;30;20.14;10/08/2023;5;;;
520;1373;32;37.11;11/08/2023;1;;;
521;1899;24;85.58;08/08/2023;16;;;
522;2634;14;44.46;22/08/2023;21;;;
522;2884;31;46.19;22/08/2023;18;;;
524;1665;39;99.24;19/08/2023;1;;;
525;2984;30;64.11;31/08/2023;11;;;
525;1265;28;30.58;22/08/2023;8;;;
525;2381;13;51.82;20/08/2023;5;;;
526;2916;14;24.66;21/08/2023;18;;;
526;2295;34;97.04;01/08/2023;15;;;
527;2110;12;75.57;19/08/2023;19;;;
527;1035;42;72.4;14/08/2023;12;;;
527;2057;21;71.83;03/08/2023;21;;;
528;2518;27;45.62;31/08/2023;4;;;
529;1567;34;70.14;04/08/2023;16;;;
530;2821;18;68.18;16/08/2023;21;;;
530;1262;6;37.03;10/08/2023;15;;;
530;1338;27;15.62;06/08/2023;19;;;
531;2143;9;63.01;07/08/2023;8;;;
531;2691;47;75.38;02/08/2023;5;;;
532;1969;32;30.45;30/08/2023;3;;;
532;2204;12;16.85;26/08/2023;18;;;
532;2332;19;52.77;05/08/2023;8;;;
533;2232;30;50.15;31/08/2023;20;;;
533;1463;25;42.06;23/08/2023;16;;;
534;2070;38;47.16;30/08/2023;1;;;
534;1210;28;65.22;23/08/2023;21;;;
534;1800;40;82.85;20/08/2023;7;;;
536;1865;11;59.17;02/08/2023;20;;;
537;1915;30;51.43;12/08/2023;13;;;
538;1475;7;31.94;26/08/2023;7;;;
538;1483;22;58.59;19/08/2023;10;;;
538;2382;50;38.94;07/08/2023;11;;;
539;1650;22;85.08;11/08/2023;20;;;
539;1476;14;92.04;09/08/2023;21;;;
543;1841;6;19.12;23/08/2023;18;;;
544;1036;44;73.1;09/08/2023;5;;;
545;1081;20;42.63;27/08/2023;19;;;
545;1551;50;24.18;21/08/2023;3;;;
545;2212;38;37.16;01/08/2023;21;;;
546;2357;25;93.01;31/08/2023;14;;;
546;2774;25;21.97;02/08/2023;19;;;
547;2632;19;21.07;30/08/2023;1;;;
547;1313;2;33.89;21/08/2023;11;;;
548;2137;46;82.37;26/08/2023;9;;;
548;2748;43;22.59;16/08/2023;9;;;
549;2311;47;17.73;27/08/2023;4;;;
549;1587;19;82.67;09/08/2023;20;;;
550;2992;13;25.66;28/08/2023;11;;;
550;2561;23;50.71;17/08/2023;5;;;
550;1410;30;97.54;10/08/2023;4;;;
551;2581;39;76.04;22/08/2023;5;;;
551;1536;1;99.23;16/08/2023;8;;;
552;2287;33;18.24;11/08/2023;15;;;
553;1575;14;69.73;28/08/2023;2;;;
553;2747;48;15.58;16/08/2023;21;;;
553;1504;17;94.95;14/08/2023;3;;;
553;1685;29;77.85;12/08/2023;21;;;
553;2464;25;54.72;12/08/2023;6;;;
553;1797;5;50.64;04/08/2023;4;;;
554;2696;16;22.9;31/08/2023;2;;;
554;1028;7;21.02;25/08/2023;3;;;
554;2298;24;12.49;24/08/2023;21;;;
554;2689;27;12.57;15/08/2023;1;;;
554;2994;5;28.43;15/08/2023;17;;;
554;2732;21;99.18;03/08/2023;11;;;
555;2324;45;95.43;03/08/2023;21;;;
556;1748;39;35.9;23/08/2023;12;;;
556;1764;2;69.59;12/08/2023;5;;;
557;1128;36;55.06;24/08/2023;11;;;
557;2826;12;66.74;22/08/2023;21;;;
557;2436;25;70.67;14/08/2023;12;;;
557;1192;9;29.95;11/08/2023;21;;;
558;2041;50;86.53;24/08/2023;5;;;
558;1311;3;82.65;08/08/2023;14;;;
558;1689;46;69.03;02/08/2023;20;;;
559;2159;36;27.75;04/08/2023;16;;;
559;2059;27;49.45;01/08/2023;19;;;
560;1237;17;23.68;22/08/2023;6;;;
560;2712;31;86.47;11/08/2023;3;;;
560;1222;25;37.89;04/08/2023;8;;;
561;2017;40;23.82;24/08/2023;9;;;
562;2566;37;45.1;20/08/2023;7;;;
562;1850;3;86.96;17/08/2023;16;;;
562;1935;11;34.16;14/08/2023;5;;;
562;2578;30;25.44;09/08/2023;9;;;
563;2991;8;53.28;20/08/2023;1;;;
563;1549;44;37.47;16/08/2023;5;;;
563;1762;38;82.32;13/08/2023;2;;;
563;2893;7;56.33;06/08/2023;5;;;
564;2882;28;37.59;30/08/2023;4;;;
564;2171;5;82.42;28/08/2023;14;;;
564;2121;10;75.4;01/08/2023;14;;;
565;2032;1;11.49;28/08/2023;15;;;
565;1319;6;58.17;16/08/2023;13;;;
565;1166;21;32.84;08/08/2023;1;;;
565;1951;32;58.3;05/08/2023;13;;;
566;2207;14;10.87;25/08/2023;12;;;
566;2527;18;81.72;18/08/2023;9;;;
566;1175;38;39.52;02/08/2023;14;;;
569;1702;20;12.26;21/08/2023;12;;;
569;2439;5;35.55;05/08/2023;6;;;
570;2148;25;96.87;17/08/2023;12;;;
570;1141;50;89.89;13/08/2023;11;;;
570;2546;40;93.88;13/08/2023;2;;;
570;1039;43;30.21;10/08/2023;6;;;
570;2693;49;19.04;08/08/2023;1;;;
570;1413;19;42.28;01/08/2023;2;;;
571;2978;32;45.98;31/08/2023;17;;;
571;2403;37;49.75;24/08/2023;12;;;
571;1805;12;79.44;12/08/2023;7;;;
572;2650;16;10.59;16/08/2023;8;;;
572;2580;38;14.47;06/08/2023;9;;;
573;1292;8;50.14;24/08/2023;8;;;
573;1348;43;39.29;20/08/2023;11;;;
573;1345;21;34.39;17/08/2023;14;;;
575;2276;41;97.15;15/08/2023;13;;;
575;2102;23;43.12;05/08/2023;11;;;
576;1678;23;18.1;26/08/2023;16;;;
576;1176;39;75.71;25/08/2023;15;;;
577;2027;50;29.8;23/08/2023;12;;;
577;2493;3;46.91;22/08/2023;4;;;
578;1207;27;18.49;21/08/2023;7;;;
578;2970;43;34.31;06/08/2023;19;;;
579;1753;24;39.41;23/08/2023;2;;;
579;2396;40;70.35;20/08/2023;7;;;
580;2789;17;37.97;26/08/2023;21;;;
580;2519;10;43.11;23/08/2023;17;;;
582;1276;16;60.37;17/08/2023;5;;;
583;1734;43;86.46;18/08/2023;9;;;
583;1187;48;82.76;12/08/2023;12;;;
584;2009;9;33.98;28/08/2023;15;;;
584;2004;48;85.51;22/08/2023;7;;;
584;2667;10;65.71;15/08/2023;15;;;
584;2914;41;23.84;09/08/2023;10;;;
584;1327;42;14.09;01/08/2023;15;;;
585;1806;18;45.82;20/08/2023;13;;;
587;1556;11;17.42;23/08/2023;1;;;
587;2684;34;38.14;03/08/2023;1;;;
588;2707;48;91.93;31/08/2023;13;;;
588;1593;12;10.89;20/08/2023;18;;;
588;2131;15;62.49;08/08/2023;21;;;
588;1185;31;37.07;03/08/2023;10;;;
589;1177;27;92.99;13/08/2023;12;;;
589;1503;33;29.1;12/08/2023;1;;;
589;2724;28;42.89;08/08/2023;10;;;
590;2859;5;21.4;30/08/2023;13;;;
590;1768;48;99.86;24/08/2023;10;;;
590;2865;2;24.93;17/08/2023;21;;;
591;2567;34;85.7;19/08/2023;14;;;
591;1082;13;66.64;03/08/2023;19;;;
592;1529;12;91.16;30/08/2023;3;;;
592;1545;17;58.82;29/08/2023;14;;;
592;1221;22;61.64;15/08/2023;8;;;
592;2549;14;50.15;08/08/2023;3;;;
592;1347;45;39.8;02/08/2023;13;;;
593;2721;44;65.26;24/08/2023;13;;;
593;2516;26;49.56;23/08/2023;19;;;
593;1243;22;25.07;18/08/2023;9;;;
593;2330;1;51.53;04/08/2023;15;;;
593;2323;18;24.8;02/08/2023;18;;;
594;2616;42;37.48;17/08/2023;21;;;
595;1566;32;50.24;19/08/2023;18;;;
597;1756;16;72.31;25/08/2023;9;;;
597;2924;28;14.84;21/08/2023;14;;;
597;1790;31;39.92;16/08/2023;16;;;
597;1559;26;19.21;03/08/2023;20;;;
598;2676;43;31.8;30/08/2023;14;;;
598;2554;7;53.7;26/08/2023;2;;;
598;1193;13;92.61;24/08/2023;2;;;
598;1532;6;70.76;22/08/2023;1;;;
598;1772;8;81.41;06/08/2023;13;;;
598;2709;44;74.49;03/08/2023;5;;;
599;2694;1;13.11;29/08/2023;4;;;
600;2344;15;48.31;03/08/2023;3;;;
601;2742;8;97.15;20/08/2023;12;;;
601;2809;10;28.34;20/08/2023;20;;;
601;1510;24;86.88;12/08/2023;5;;;
601;1929;45;75.41;01/08/2023;20;;;
602;1704;29;51.24;30/08/2023;17;;;
602;1392;5;83.37;14/08/2023;18;;;
602;1190;25;54.35;13/08/2023;15;;;
603;2175;21;23.88;19/08/2023;19;;;
603;1686;43;84.63;17/08/2023;15;;;
603;2701;30;79.17;16/08/2023;16;;;
604;2608;49;26.52;31/08/2023;6;;;
604;1799;42;66.48;27/08/2023;15;;;
604;1481;32;72.99;25/08/2023;17;;;
605;1934;26;86.83;01/08/2023;5;;;
606;2077;37;77.95;27/08/2023;18;;;
606;2778;30;26.58;22/08/2023;5;;;
606;1361;47;41.48;09/08/2023;2;;;
607;1295;12;76.57;23/08/2023;2;;;
607;2125;42;25.89;10/08/2023;9;;;
608;2205;48;26.07;05/08/2023;21;;;
609;2728;15;66.2;31/08/2023;8;;;
609;2052;20;90.39;10/08/2023;3;;;
609;1801;24;93.78;04/08/2023;15;;;
609;1137;28;84.75;03/08/2023;9;;;
611;2629;49;63.17;27/08/2023;21;;;
611;2211;37;77.86;12/08/2023;11;;;
611;2587;35;62.3;12/08/2023;10;;;
612;1625;26;54.35;16/08/2023;5;;;
613;2758;50;67.84;25/08/2023;3;;;
613;1520;33;58.33;20/08/2023;16;;;
613;2825;41;81.39;05/08/2023;17;;;
613;1330;10;26.67;02/08/2023;21;;;
614;1307;12;90.92;15/08/2023;4;;;
615;2611;12;21.2;22/08/2023;3;;;
615;2274;28;12.51;03/08/2023;18;;;
616;2877;40;32.5;28/08/2023;12;;;
616;1802;49;55.01;12/08/2023;4;;;
616;1898;17;58.41;09/08/2023;19;;;
617;2751;23;39.81;29/08/2023;1;;;
617;2045;40;25.04;11/08/2023;17;;;
617;2683;12;94.61;06/08/2023;21;;;
618;1070;16;57.5;11/08/2023;4;;;
619;1747;15;88.54;11/08/2023;20;;;
620;1436;10;47.13;16/08/2023;13;;;
620;2507;17;94.46;11/08/2023;17;;;
620;2253;4;45.38;05/08/2023;7;;;
620;2186;36;62.22;03/08/2023;10;;;
622;1843;9;67.18;19/08/2023;15;;;
622;2813;15;20.32;18/08/2023;10;;;
623;2571;7;57.67;29/08/2023;16;;;
623;2585;34;47.96;17/08/2023;6;;;
624;1720;23;56.9;29/08/2023;15;;;
624;2855;36;95.46;22/08/2023;1;;;
624;2167;37;80.43;14/08/2023;2;;;
624;2967;39;34.44;10/08/2023;21;;;
625;2331;8;26.76;28/08/2023;20;;;
626;1143;24;97.36;04/08/2023;20;;;
627;1273;40;61.79;07/08/2023;5;;;
628;2174;18;12.67;25/08/2023;6;;;
628;2818;18;65.84;25/08/2023;4;;;
629;1490;14;53.34;30/08/2023;13;;;
629;1432;29;23.16;27/08/2023;17;;;
629;1150;37;50.33;26/08/2023;11;;;
629;1611;22;52.71;17/08/2023;8;;;
629;2930;19;56.67;14/08/2023;16;;;
629;2536;36;48.93;12/08/2023;4;;;
632;1043;17;71.24;27/08/2023;10;;;
632;2038;22;24.8;21/08/2023;17;;;
633;1298;41;46.92;24/08/2023;3;;;
633;1687;27;56.42;10/08/2023;18;;;
634;2719;4;12.67;28/08/2023;6;;;
635;2245;43;32.84;29/08/2023;1;;;
637;2775;42;62.97;28/08/2023;17;;;
637;2902;8;97.66;21/08/2023;4;;;
637;1005;50;14.59;15/08/2023;6;;;
637;2852;41;28.25;11/08/2023;10;;;
637;2164;6;32.14;03/08/2023;14;;;
638;2888;3;73.84;31/08/2023;14;;;
638;2093;17;92.12;20/08/2023;4;;;
641;2392;4;16.95;31/08/2023;18;;;
642;1478;23;16.66;19/08/2023;14;;;
643;2786;8;25.61;27/08/2023;15;;;
644;2216;16;82.93;18/08/2023;19;;;
645;2259;18;75.85;28/08/2023;8;;;
645;2354;43;52.54;01/08/2023;3;;;
646;2895;34;14.51;17/08/2023;2;;;
646;1161;20;20.2;07/08/2023;5;;;
647;1629;48;85.32;04/08/2023;18;;;
648;1588;19;41.11;30/08/2023;18;;;
648;2705;44;86.6;29/08/2023;9;;;
649;1647;19;58.88;11/08/2023;19;;;
650;1386;5;35.74;17/08/2023;21;;;
651;2500;6;63.95;30/08/2023;16;;;
652;1774;17;49.79;22/08/2023;1;;;
652;2708;34;70.66;16/08/2023;1;;;
652;2977;29;84.13;06/08/2023;19;;;
652;1952;41;32.66;02/08/2023;13;;;
653;2472;1;56.17;28/08/2023;11;;;
654;1167;16;35.78;16/08/2023;11;;;
654;1757;14;51.95;14/08/2023;1;;;
654;2262;27;48.91;07/08/2023;14;;;
655;2213;31;20.5;17/08/2023;18;;;
656;1840;33;51.49;25/08/2023;7;;;
656;1034;6;32.17;13/08/2023;6;;;
656;1673;5;97.34;11/08/2023;18;;;
656;1492;16;18.66;06/08/2023;4;;;
656;1376;49;80.67;03/08/2023;14;;;
656;1442;35;26.77;02/08/2023;9;;;
657;2069;50;53.5;31/08/2023;20;;;
657;2023;16;87.01;30/08/2023;6;;;
657;2919;13;44.36;10/08/2023;7;;;
657;1844;37;42.91;06/08/2023;4;;;
657;2506;13;70.88;02/08/2023;13;;;
658;1002;14;29.13;29/08/2023;6;;;
658;2273;30;75.06;23/08/2023;4;;;
659;2814;48;71.96;18/08/2023;6;;;
660;1693;18;92.07;31/08/2023;14;;;
660;1784;15;99.27;25/08/2023;7;;;
660;2067;7;52.95;24/08/2023;3;;;
660;1251;43;19.26;10/08/2023;8;;;
661;1634;41;25.77;29/08/2023;7;;;
661;1698;20;17.89;22/08/2023;20;;;
661;2499;14;59.35;22/08/2023;20;;;
661;1168;16;23.27;14/08/2023;13;;;
661;1598;18;44.21;14/08/2023;2;;;
662;2511;15;73.87;22/08/2023;8;;;
663;1679;42;47.77;16/08/2023;2;;;
664;2144;11;31.9;12/08/2023;14;;;
664;2591;46;45.43;12/08/2023;5;;;
665;1467;12;90.84;09/08/2023;14;;;
666;1827;26;79.21;21/08/2023;11;;;
666;2980;43;25.1;18/08/2023;14;;;
666;2755;34;17.29;07/08/2023;11;;;
667;3000;17;49.2;17/08/2023;8;;;
667;2428;48;67.86;15/08/2023;14;;;
668;1480;12;59.77;21/08/2023;12;;;
668;2279;15;29.52;10/08/2023;8;;;
668;1754;6;35.54;05/08/2023;3;;;
668;1033;40;85.35;04/08/2023;7;;;
668;1061;6;11.72;01/08/2023;2;;;
669;2497;31;72.35;30/08/2023;1;;;
669;1301;46;20.13;18/08/2023;19;;;
670;1315;48;41.47;12/08/2023;17;;;
670;2252;16;86.24;08/08/2023;8;;;
670;1230;6;63.07;02/08/2023;19;;;
671;2879;29;46.25;24/08/2023;8;;;
672;2358;20;73.84;18/08/2023;2;;;
672;2258;30;62.16;15/08/2023;18;;;
672;2614;37;72.37;15/08/2023;2;;;
672;2648;35;29.21;14/08/2023;14;;;
673;2725;27;79.4;26/08/2023;5;;;
673;1644;45;39.85;25/08/2023;4;;;
673;1874;22;37.4;08/08/2023;14;;;
674;1572;30;44.17;17/08/2023;18;;;
674;2715;5;56.66;07/08/2023;21;;;
678;2802;34;91.77;11/08/2023;12;;;
678;1249;17;10.42;02/08/2023;17;;;
679;2437;15;23.06;25/08/2023;9;;;
679;2364;37;11.7;14/08/2023;1;;;
679;1224;10;72.77;06/08/2023;21;;;
680;2796;16;88.77;17/08/2023;1;;;
681;1811;25;34.47;30/08/2023;21;;;
681;2075;47;79.12;09/08/2023;15;;;
681;2463;33;81.78;08/08/2023;21;;;
682;2655;30;26.96;28/08/2023;14;;;
682;1709;25;64.13;08/08/2023;12;;;
682;1323;49;96.08;03/08/2023;20;;;
683;2784;14;71.8;04/08/2023;13;;;
684;1967;34;99.39;11/08/2023;2;;;
685;2740;2;31.51;24/08/2023;7;;;
685;1931;20;32.39;07/08/2023;20;;;
685;1535;19;68.94;06/08/2023;4;;;
686;1641;25;56.71;08/08/2023;11;;;
687;1961;47;30;19/08/2023;12;;;
688;2237;26;58.03;10/08/2023;2;;;
690;1245;40;24.42;23/08/2023;6;;;
690;1238;35;53.91;03/08/2023;11;;;
691;1826;48;36.48;13/08/2023;17;;;
691;1356;14;17.26;05/08/2023;19;;;
692;1547;39;49.66;31/08/2023;5;;;
692;1740;2;20.57;25/08/2023;15;;;
693;1680;36;76.12;11/08/2023;14;;;
693;2510;47;66.58;05/08/2023;17;;;
694;2191;18;96.72;11/08/2023;3;;;
695;2482;24;64.33;05/08/2023;15;;;
696;2942;18;95.39;31/08/2023;7;;;
696;2303;16;89.7;11/08/2023;6;;;
696;1991;3;21.39;04/08/2023;5;;;
697;2415;21;31.43;25/08/2023;5;;;
697;2090;9;44.37;22/08/2023;6;;;
697;1358;19;95.7;09/08/2023;3;;;
698;1305;5;21.93;25/08/2023;12;;;
698;2040;38;80.63;17/08/2023;12;;;
698;2776;32;68.66;14/08/2023;13;;;
698;1677;23;19.6;05/08/2023;2;;;
698;2753;11;48.53;05/08/2023;18;;;
699;2514;7;76.66;20/08/2023;9;;;
700;2633;35;13.22;31/08/2023;1;;;
701;1059;9;18.97;08/08/2023;19;;;
702;2079;11;29.13;25/08/2023;10;;;
703;1370;42;64.69;31/08/2023;16;;;
703;1558;20;15.91;30/08/2023;5;;;
703;2115;12;27.97;28/08/2023;5;;;
703;1018;18;51.63;26/08/2023;16;;;
703;2246;29;11.91;14/08/2023;8;;;
704;1457;13;20.1;14/08/2023;16;;;
704;1971;25;20.56;11/08/2023;11;;;
705;1258;22;36.71;31/08/2023;10;;;
705;1031;35;95.14;12/08/2023;8;;;
706;2697;3;42.85;20/08/2023;4;;;
707;2531;34;85.19;25/08/2023;17;;;
707;1539;23;97.74;22/08/2023;15;;;
707;2597;21;76.21;17/08/2023;14;;;
707;1723;18;89;03/08/2023;21;;;
707;2883;27;75.17;01/08/2023;13;;;
708;1012;34;31.51;17/08/2023;14;;;
708;2503;47;74.57;15/08/2023;18;;;
709;2203;38;12.99;25/08/2023;14;;;
709;1830;28;50.97;03/08/2023;8;;;
710;1653;41;15.52;12/08/2023;1;;;
710;2074;13;71.56;11/08/2023;16;;;
711;2972;9;69.11;15/08/2023;16;;;
712;2680;21;60.16;02/08/2023;16;;;
713;2969;28;42;12/08/2023;18;;;
713;2444;29;63.58;07/08/2023;2;;;
714;2283;18;61.85;28/08/2023;6;;;
714;1892;14;19.81;19/08/2023;15;;;
715;1268;19;36.78;24/08/2023;7;;;
715;1592;42;40.61;03/08/2023;2;;;
716;1995;39;20.04;30/08/2023;11;;;
716;1872;23;96.31;25/08/2023;13;;;
716;1277;20;12.33;05/08/2023;1;;;
717;1712;16;44.07;28/08/2023;2;;;
717;1884;13;22.88;26/08/2023;7;;;
718;2948;32;12.56;14/08/2023;18;;;
719;1195;22;39.15;31/08/2023;3;;;
719;2106;38;60.09;18/08/2023;6;;;
720;1280;47;70.92;27/08/2023;11;;;
720;2058;10;85.68;22/08/2023;4;;;
720;1516;11;98.03;20/08/2023;18;;;
720;1162;29;58.19;17/08/2023;14;;;
720;2352;29;82.91;16/08/2023;3;;;
720;1069;27;98.63;10/08/2023;5;;;
721;1284;31;32;13/08/2023;7;;;
722;2854;7;77.85;24/08/2023;16;;;
722;1993;1;47.27;20/08/2023;15;;;
722;2236;24;81.87;19/08/2023;1;;;
722;1233;38;76.99;18/08/2023;6;;;
723;1497;17;14.82;22/08/2023;19;;;
723;2606;27;38.75;05/08/2023;11;;;
724;1218;22;86.89;03/08/2023;1;;;
725;1505;41;49.96;29/08/2023;12;;;
725;2576;36;45.18;20/08/2023;11;;;
725;2387;47;22.27;16/08/2023;2;;;
726;1855;41;61.12;26/08/2023;11;;;
726;2084;15;34.61;06/08/2023;10;;;
727;1697;44;62.75;15/08/2023;17;;;
727;2921;2;77.35;05/08/2023;10;;;
728;1778;15;28.85;02/08/2023;2;;;
729;2502;42;19.34;04/08/2023;8;;;
731;2828;22;31.87;24/08/2023;7;;;
731;2401;24;30.41;17/08/2023;20;;;
731;1001;30;74.11;14/08/2023;19;;;
731;2901;3;12.69;06/08/2023;19;;;
732;1703;42;30.28;12/08/2023;18;;;
732;1215;43;72.85;07/08/2023;14;;;
732;2391;23;48.63;07/08/2023;18;;;
732;1499;2;50.1;06/08/2023;16;;;
733;1729;18;67.18;21/08/2023;6;;;
733;2047;42;31.45;17/08/2023;15;;;
734;2862;7;86.97;06/08/2023;5;;;
734;1394;30;73.9;04/08/2023;4;;;
735;1612;16;88.37;29/08/2023;16;;;
735;1430;5;97.73;18/08/2023;5;;;
735;1743;41;43.41;18/08/2023;1;;;
735;2823;16;36.26;07/08/2023;10;;;
736;2086;12;62.28;19/08/2023;12;;;
736;2446;20;40.26;19/08/2023;2;;;
737;1201;1;32.07;31/08/2023;12;;;
737;1331;5;56.37;27/08/2023;7;;;
737;1543;28;41.73;19/08/2023;1;;;
737;2820;6;53.49;12/08/2023;21;;;
737;2322;13;90.79;11/08/2023;17;;;
738;1891;22;55.64;30/08/2023;16;;;
738;1928;29;40.92;29/08/2023;12;;;
738;1997;8;32.15;29/08/2023;12;;;
739;2178;50;83.91;27/08/2023;21;;;
739;1291;11;54.06;04/08/2023;18;;;
740;1890;49;54.19;20/08/2023;7;;;
740;2553;18;69.46;07/08/2023;17;;;
741;2314;10;65.17;15/08/2023;5;;;
741;1016;16;99.09;07/08/2023;4;;;
741;1958;34;72.67;07/08/2023;21;;;
741;2177;13;56.97;01/08/2023;17;;;
742;2373;48;39.83;30/08/2023;14;;;
742;2372;40;94.34;28/08/2023;2;;;
742;2309;48;37.09;05/08/2023;13;;;
743;1701;3;92.72;31/08/2023;12;;;
743;2029;43;72.78;10/08/2023;3;;;
744;2896;23;27.82;26/08/2023;18;;;
745;2723;1;58.88;18/08/2023;8;;;
746;2296;39;15.84;31/08/2023;6;;;
746;1608;2;60.43;18/08/2023;21;;;
748;1400;6;37.45;22/08/2023;20;;;
748;2430;42;74.02;19/08/2023;8;;;
748;1026;30;50.67;10/08/2023;8;;;
748;2545;16;97.67;03/08/2023;9;;;
749;1992;5;66.54;18/08/2023;11;;;
749;1976;42;47.92;08/08/2023;3;;;
749;1896;29;64.04;01/08/2023;5;;;
750;1453;45;71.67;21/08/2023;5;;;
750;2310;9;19.41;08/08/2023;10;;;
750;2412;6;82.86;02/08/2023;13;;;
751;1281;21;21.71;25/08/2023;10;;;
751;2397;47;50.35;22/08/2023;20;;;
751;2035;21;13.31;09/08/2023;1;;;
752;1404;14;36.47;09/08/2023;21;;;
752;1217;13;97.62;04/08/2023;17;;;
753;1431;28;80.3;19/08/2023;14;;;
753;1426;15;27.73;07/08/2023;13;;;
753;1655;35;29.4;06/08/2023;5;;;
754;2068;2;37.67;19/08/2023;16;;;
754;1669;37;40.8;18/08/2023;13;;;
755;2541;29;71.06;31/08/2023;13;;;
755;2116;21;75.85;09/08/2023;17;;;
755;1730;10;84.26;06/08/2023;16;;;
756;1886;19;40.85;08/08/2023;4;;;
757;1025;4;94.19;10/08/2023;6;;;
757;2149;40;91.66;01/08/2023;4;;;
758;1668;35;36.66;29/08/2023;15;;;
758;1191;28;89.43;09/08/2023;17;;;
758;2481;13;64.7;07/08/2023;15;;;
759;1639;32;78.67;29/08/2023;18;;;
759;2987;28;52.31;28/08/2023;10;;;
759;1789;10;40.1;19/08/2023;6;;;
759;2447;29;30.47;17/08/2023;16;;;
759;1700;31;85.74;15/08/2023;4;;;
759;2140;31;94.73;09/08/2023;6;;;
760;1999;10;99.37;25/08/2023;18;;;
760;1029;18;30.68;15/08/2023;11;;;
760;2087;8;57.19;03/08/2023;14;;;
761;1672;6;55.66;07/08/2023;12;;;
761;2202;5;90.24;06/08/2023;9;;;
762;1395;19;69.38;23/08/2023;9;;;
763;1727;16;75.33;23/08/2023;17;;;
763;2542;43;61.79;10/08/2023;16;;;
763;1254;1;30.63;04/08/2023;12;;;
766;2612;25;12.72;29/08/2023;20;;;
766;2678;31;98.39;14/08/2023;11;;;
767;1451;50;43.69;30/08/2023;9;;;
767;1290;22;90.55;21/08/2023;10;;;
768;2765;3;88.58;10/08/2023;4;;;
769;2170;45;22.52;10/08/2023;8;;;
769;1684;47;16.81;04/08/2023;13;;;
770;1316;4;70.74;08/08/2023;10;;;
771;1411;41;70.8;10/08/2023;19;;;
773;2007;9;68.71;09/08/2023;2;;;
773;2741;17;60.93;05/08/2023;7;;;
774;2163;7;41.36;31/08/2023;10;;;
774;1904;16;67.17;29/08/2023;10;;;
774;1055;10;39.45;22/08/2023;20;;;
774;2015;1;81.08;12/08/2023;8;;;
775;2971;18;17.2;22/08/2023;14;;;
775;1631;42;96.93;15/08/2023;7;;;
775;2490;9;30.09;04/08/2023;17;;;
776;1024;10;96.5;10/08/2023;18;;;
776;2039;38;67.51;09/08/2023;4;;;
776;2530;46;57.28;06/08/2023;19;;;
776;2532;36;16.04;02/08/2023;2;;;
777;1299;19;40.23;24/08/2023;16;;;
777;1507;35;92.45;18/08/2023;8;;;
778;2033;1;26.97;24/08/2023;17;;;
779;2523;44;95.51;17/08/2023;15;;;
779;2737;24;53.37;09/08/2023;21;;;
779;2454;2;99.43;08/08/2023;1;;;
779;1256;14;52.21;03/08/2023;5;;;
780;1960;26;58.26;25/08/2023;10;;;
780;1412;13;43.95;18/08/2023;6;;;
780;1425;11;67.74;17/08/2023;21;;;
781;2679;17;68.44;28/08/2023;5;;;
781;1114;25;21.96;21/08/2023;18;;;
781;2976;27;48.2;08/08/2023;11;;;
781;1615;22;64.34;03/08/2023;1;;;
781;2990;1;50.26;03/08/2023;18;;;
782;2941;45;33.21;22/08/2023;9;;;
783;2037;31;35.25;24/08/2023;20;;;
785;1731;4;70.39;31/08/2023;12;;;
785;2109;40;29.48;31/08/2023;1;;;
785;2346;3;26.73;25/08/2023;9;;;
785;2841;28;81.58;21/08/2023;2;;;
785;1498;36;37.8;03/08/2023;13;;;
786;1493;4;47.17;27/08/2023;5;;;
786;1202;32;83.97;21/08/2023;10;;;
786;1160;27;94.88;20/08/2023;3;;;
786;2377;3;30.67;16/08/2023;8;;;
786;1737;46;41.78;08/08/2023;19;;;
786;1512;9;89.16;06/08/2023;8;;;
789;2677;37;58.9;22/08/2023;6;;;
789;2194;28;81.19;16/08/2023;15;;;
789;1590;2;60.14;07/08/2023;8;;;
790;2832;30;16.18;30/08/2023;10;;;
790;1456;24;67.98;13/08/2023;19;;;
790;2573;26;58.81;03/08/2023;15;;;
791;2291;37;30.64;25/08/2023;15;;;
792;1979;41;31.79;05/08/2023;9;;;
793;2953;31;80.75;19/08/2023;12;;;
793;1770;7;72.97;12/08/2023;20;;;
794;2940;23;41.93;18/08/2023;4;;;
794;2255;28;88.74;15/08/2023;2;;;
795;2757;31;94.62;31/08/2023;8;;;
795;2793;46;96.66;21/08/2023;8;;;
795;2641;46;33.24;13/08/2023;16;;;
795;2051;10;81.83;11/08/2023;13;;;
796;1491;50;93.05;16/08/2023;20;;;
796;2844;8;58.85;09/08/2023;18;;;
796;2117;5;75.51;05/08/2023;8;;;
797;1122;32;97.37;29/08/2023;9;;;
797;1708;6;81.01;13/08/2023;8;;;
797;2617;31;27.64;12/08/2023;9;;;
799;1097;42;90.89;09/08/2023;9;;;
799;2227;20;98.91;02/08/2023;16;;;
800;1244;37;68.35;20/08/2023;15;;;
800;2851;15;13.49;16/08/2023;11;;;
801;1944;33;52.15;05/08/2023;9;;;
802;2752;21;39.73;07/08/2023;1;;;
802;1980;13;95.57;06/08/2023;5;;;
802;1200;2;30.5;04/08/2023;15;;;
803;2563;12;19.69;27/08/2023;7;;;
803;2107;35;50.07;24/08/2023;3;;;
803;2474;32;40.22;13/08/2023;20;;;
803;1454;16;64.99;04/08/2023;21;;;
804;1248;18;31.09;26/08/2023;17;;;
804;2366;38;11.82;17/08/2023;11;;;
805;1963;11;95.33;28/08/2023;3;;;
805;1460;49;30.85;25/08/2023;4;;;
805;2384;43;85.26;03/08/2023;14;;;
806;2952;1;75.37;25/08/2023;17;;;
806;1620;7;53.14;14/08/2023;19;;;
806;1409;14;31.84;11/08/2023;2;;;
807;1085;32;75.92;29/08/2023;7;;;
807;1459;9;38.2;18/08/2023;3;;;
807;1642;21;20.12;11/08/2023;17;;;
808;2304;3;21.73;15/08/2023;11;;;
809;1382;6;89.18;18/08/2023;15;;;
809;2668;20;46.29;04/08/2023;9;;;
813;2934;26;58.68;31/08/2023;7;;;
813;1308;29;23.42;26/08/2023;19;;;
813;2221;35;94.76;26/08/2023;12;;;
813;1986;1;89.29;19/08/2023;19;;;
813;2660;22;75.03;14/08/2023;19;;;
813;2526;11;20.59;03/08/2023;9;;;
814;1022;10;68.33;27/08/2023;6;;;
815;1204;25;14.96;18/08/2023;9;;;
815;1278;6;55.97;12/08/2023;8;;;
816;2190;40;29.37;27/08/2023;7;;;
816;1513;44;82.6;25/08/2023;14;;;
816;2426;21;49.29;05/08/2023;10;;;
818;1911;27;53.25;17/08/2023;14;;;
818;2944;4;87.03;04/08/2023;1;;;
819;1834;38;52.59;29/08/2023;9;;;
819;1847;2;65.4;28/08/2023;16;;;
819;2647;17;41.54;09/08/2023;21;;;
819;2925;36;16.22;04/08/2023;4;;;
819;2625;41;19.88;03/08/2023;21;;;
820;1443;7;96.43;12/08/2023;1;;;
820;2076;44;50.64;04/08/2023;9;;;
821;1126;28;19.35;12/08/2023;4;;;
822;1360;5;67.77;14/08/2023;19;;;
822;2183;2;67.61;05/08/2023;20;;;
823;2557;18;45.09;30/08/2023;21;;;
824;1604;43;91.93;28/08/2023;17;;;
824;2241;12;17.34;28/08/2023;14;;;
824;1596;5;19.64;26/08/2023;7;;;
824;2489;16;84.51;12/08/2023;18;;;
824;2399;33;24.88;08/08/2023;17;;;
825;1131;3;99.54;26/08/2023;4;;;
825;2480;28;21.83;09/08/2023;19;;;
826;1659;33;82.9;09/08/2023;3;;;
827;2533;10;65.93;28/08/2023;14;;;
828;2669;31;86.09;10/08/2023;9;;;
829;2267;24;47.8;26/08/2023;17;;;
829;2933;5;45.76;18/08/2023;9;;;
830;2700;41;12.13;14/08/2023;13;;;
831;2848;36;20.81;09/08/2023;3;;;
832;1071;10;89.69;25/08/2023;3;;;
833;2473;44;96.14;23/08/2023;21;;;
833;2242;30;84.35;05/08/2023;11;;;
834;2218;29;69.6;24/08/2023;15;;;
835;1741;15;37.69;15/08/2023;20;;;
836;2958;36;24.13;18/08/2023;4;;;
836;2261;41;74.66;15/08/2023;15;;;
836;1169;12;28.01;02/08/2023;14;;;
837;2028;27;71.28;18/08/2023;7;;;
837;2817;39;18;11/08/2023;12;;;
839;1600;22;64.21;21/08/2023;17;;;
841;1135;18;45.58;26/08/2023;17;;;
841;1263;33;95.84;23/08/2023;7;;;
841;2790;1;32.28;18/08/2023;3;;;
841;2947;32;28.31;17/08/2023;4;;;
842;2061;4;68.95;20/08/2023;11;;;
842;2100;48;66.71;12/08/2023;17;;;
843;2886;31;22.13;02/08/2023;7;;;
844;1306;3;29.26;22/08/2023;20;;;
844;2620;25;97.4;20/08/2023;7;;;
845;1882;46;78.38;31/08/2023;11;;;
845;1869;49;52.79;16/08/2023;19;;;
845;2543;17;75.68;14/08/2023;6;;;
845;1889;48;14.36;10/08/2023;18;;;
846;2872;46;29.31;30/08/2023;8;;;
846;1486;6;26.31;12/08/2023;6;;;
847;1390;26;98.99;14/08/2023;7;;;
847;2161;7;33.65;10/08/2023;6;;;
848;1183;8;55.89;11/08/2023;17;;;
848;1387;22;18.73;01/08/2023;3;;;
849;1859;16;91.03;27/08/2023;14;;;
849;1474;21;73.14;23/08/2023;12;;;
849;2036;15;31.41;23/08/2023;1;;;
849;2670;41;14.06;09/08/2023;18;;;
849;2982;9;42.91;04/08/2023;18;;;
850;2452;40;24.43;18/08/2023;2;;;
850;2876;13;32.39;10/08/2023;21;;;
850;2172;6;25.29;08/08/2023;7;;;
851;1833;16;82.01;30/08/2023;6;;;
851;2419;26;77.7;30/08/2023;5;;;
851;1759;40;69.88;24/08/2023;17;;;
852;1660;41;27.44;26/08/2023;10;;;
854;1325;43;43.93;06/08/2023;14;;;
855;2319;43;38.35;30/08/2023;15;;;
855;1953;41;13.19;15/08/2023;21;;;
858;2615;7;27.64;25/08/2023;11;;;
858;2889;34;19.9;14/08/2023;3;;;
859;1378;26;97.43;30/08/2023;19;;;
859;1179;37;35.62;01/08/2023;18;;;
860;2150;45;20.8;28/08/2023;9;;;
860;2754;1;68.24;21/08/2023;11;;;
860;1568;45;17.79;08/08/2023;9;;;
860;1546;47;56.76;02/08/2023;10;;;
860;2631;47;87.47;02/08/2023;13;;;
861;1733;3;51.31;15/08/2023;21;;;
861;1940;42;98.63;12/08/2023;7;;;
862;2509;7;88.93;27/08/2023;4;;;
862;1417;25;83.02;25/08/2023;5;;;
862;2868;50;49.53;04/08/2023;5;;;
864;1111;7;88.55;19/08/2023;13;;;
865;1508;21;37.7;21/08/2023;6;;;
866;1406;26;51.75;19/08/2023;18;;;
867;1796;28;95.5;09/08/2023;14;;;
868;1154;32;35.9;25/08/2023;11;;;
868;1635;43;16.54;24/08/2023;16;;;
868;2624;36;34.17;20/08/2023;20;;;
868;1936;47;12.72;03/08/2023;13;;;
869;1671;21;62.54;29/08/2023;17;;;
870;2495;6;39.83;15/08/2023;19;;;
871;2006;23;13.43;26/08/2023;1;;;
871;2209;15;95.54;24/08/2023;15;;;
872;2114;29;28.25;29/08/2023;18;;;
873;2414;17;14.41;05/08/2023;6;;;
874;1369;1;56.29;23/08/2023;16;;;
874;2932;5;98.69;22/08/2023;14;;;
874;2628;24;27.6;15/08/2023;1;;;
874;1112;41;17.38;13/08/2023;11;;;
874;2130;47;14.92;10/08/2023;16;;;
875;2870;25;62.61;26/08/2023;15;;;
875;2066;17;22.95;03/08/2023;15;;;
876;1955;15;83.2;30/08/2023;2;;;
876;2406;1;18.17;15/08/2023;2;;;
876;1424;33;78.39;09/08/2023;20;;;
876;1104;12;19.72;07/08/2023;10;;;
877;2726;23;59.58;29/08/2023;8;;;
877;1049;47;63.47;27/08/2023;18;;;
877;1089;14;36.01;09/08/2023;16;;;
877;2654;3;77.18;05/08/2023;20;;;
878;2026;44;22.6;26/08/2023;9;;;
878;2736;22;78.35;13/08/2023;11;;;
878;1682;12;16.25;07/08/2023;8;;;
879;2092;33;63.12;12/08/2023;10;;;
879;1283;8;79.8;07/08/2023;13;;;
880;2325;36;38.12;26/08/2023;19;;;
880;1880;39;96.03;24/08/2023;15;;;
880;1977;25;97.46;02/08/2023;18;;;
882;2950;14;34.36;15/08/2023;19;;;
883;2604;8;39.93;31/08/2023;17;;;
883;2094;21;45.68;29/08/2023;10;;;
883;2772;17;36.71;21/08/2023;19;;;
884;1364;43;53.81;31/08/2023;4;;;
884;2871;2;47.28;03/08/2023;11;;;
885;1661;49;44.9;09/08/2023;8;;;
887;1667;14;75.76;07/08/2023;8;;;
888;1511;14;82.2;20/08/2023;16;;;
890;1987;29;15.42;28/08/2023;20;;;
890;1011;6;47;24/08/2023;8;;;
890;2745;19;90.69;21/08/2023;1;;;
890;1146;22;41.6;07/08/2023;1;;;
890;2398;12;13.84;02/08/2023;19;;;
891;2681;47;67.31;31/08/2023;10;;;
891;2231;43;81.84;18/08/2023;16;;;
891;2674;38;92.57;10/08/2023;17;;;
894;1945;32;71.71;24/08/2023;6;;;
894;2568;49;10.95;24/08/2023;18;;;
894;2656;18;11.71;21/08/2023;5;;;
894;1517;32;55.83;14/08/2023;19;;;
894;1496;8;68.04;06/08/2023;16;;;
894;2000;10;18.96;04/08/2023;16;;;
895;2133;27;23.7;31/08/2023;18;;;
896;2897;35;51.28;31/08/2023;14;;;
896;2337;49;23.97;09/08/2023;15;;;
898;1473;36;46.69;12/08/2023;18;;;
898;1750;14;56.25;11/08/2023;20;;;
898;1521;48;90.4;07/08/2023;17;;;
900;2386;43;65.6;11/08/2023;10;;;
900;1178;43;61.42;05/08/2023;9;;;
901;2998;47;41.97;30/08/2023;8;;;
901;2968;11;87.25;21/08/2023;4;;;
901;2189;23;33.23;16/08/2023;21;;;
902;1132;11;25.26;09/08/2023;20;;;
902;2513;49;38.33;09/08/2023;6;;;
903;1909;47;84.75;30/08/2023;21;;;
903;1322;42;64.26;28/08/2023;12;;;
903;2060;33;10.39;22/08/2023;6;;;
906;1968;39;80.38;24/08/2023;13;;;
906;1437;47;80.62;22/08/2023;11;;;
906;1326;47;41.19;04/08/2023;3;;;
906;2206;26;98.09;03/08/2023;13;;;
907;2467;18;23.64;28/08/2023;8;;;
907;1359;26;22.85;04/08/2023;18;;;
908;2393;16;95.86;09/08/2023;9;;;
909;2138;33;76.75;12/08/2023;6;;;
910;1398;37;49.02;27/08/2023;12;;;
912;2718;24;13.86;19/08/2023;1;;;
914;2923;32;41.56;10/08/2023;5;;;
915;1786;28;72.84;28/08/2023;2;;;
915;1063;11;31.01;20/08/2023;21;;;
915;1829;17;85.61;01/08/2023;16;;;
917;2605;49;93.41;19/08/2023;13;;;
917;1428;18;22.32;08/08/2023;14;;;
918;1582;14;74.88;09/08/2023;11;;;
920;2411;8;70.53;21/08/2023;15;;;
920;2485;31;35.71;16/08/2023;19;;;
921;2056;33;97.68;15/08/2023;17;;;
921;2599;5;56.03;10/08/2023;14;;;
921;2665;35;72.24;04/08/2023;6;;;
922;1418;2;81.62;31/08/2023;20;;;
922;2880;47;70.95;29/08/2023;13;;;
922;1266;21;54.83;13/08/2023;10;;;
923;2918;23;45.1;12/08/2023;2;;;
923;2317;23;11.12;06/08/2023;2;;;
923;2547;21;26.8;04/08/2023;21;;;
925;1919;43;27.83;24/08/2023;15;;;
925;1610;28;99.07;15/08/2023;5;;;
925;1240;42;96.08;07/08/2023;18;;;
925;1846;27;83.42;07/08/2023;10;;;
926;1577;37;55.35;20/08/2023;1;;;
926;1550;20;74.54;19/08/2023;9;;;
926;2043;37;35.72;17/08/2023;18;;;
926;2385;46;50.1;04/08/2023;21;;;
927;2103;4;20.57;23/08/2023;6;;;
928;1385;34;40.72;17/08/2023;3;;;
929;2959;29;64.7;31/08/2023;19;;;
929;1324;16;71.69;21/08/2023;17;;;
929;1714;23;11.02;16/08/2023;2;;;
929;1219;30;81.71;15/08/2023;12;;;
930;2988;3;97.42;27/08/2023;19;;;
930;2966;30;40.5;15/08/2023;11;;;
930;1683;30;59.35;13/08/2023;5;;;
930;2609;19;78.81;03/08/2023;17;;;
930;1047;40;19.75;01/08/2023;13;;;
932;1885;50;47.01;22/08/2023;18;;;
932;1433;30;94.39;21/08/2023;9;;;
932;1032;7;68.65;16/08/2023;9;;;
932;2569;39;96.76;14/08/2023;6;;;
932;1220;46;99.8;13/08/2023;8;;;
932;2476;35;52.53;01/08/2023;10;;;
933;2846;17;59.85;26/08/2023;4;;;
933;1609;2;20.28;11/08/2023;21;;;
933;2049;48;47.68;03/08/2023;16;;;
934;1776;6;39.9;21/08/2023;12;;;
934;1357;24;36.38;10/08/2023;18;;;
934;2892;44;63.13;10/08/2023;4;;;
936;1084;32;24.68;21/08/2023;1;;;
936;1755;49;44.7;15/08/2023;6;;;
937;2910;34;57.99;31/08/2023;6;;;
937;1216;5;43.02;29/08/2023;13;;;
937;2201;41;38.38;13/08/2023;15;;;
937;2147;17;14.2;04/08/2023;13;;;
939;1381;12;95.88;17/08/2023;3;;;
939;2294;2;22.96;17/08/2023;21;;;
939;1053;7;24.41;13/08/2023;10;;;
940;2154;12;49.04;08/08/2023;10;;;
941;2885;25;33.37;16/08/2023;15;;;
942;1688;15;18.8;16/08/2023;5;;;
942;2771;33;31.25;06/08/2023;6;;;
943;1134;46;68.85;23/08/2023;12;;;
943;2254;18;41.33;12/08/2023;5;;;
944;2249;40;97.94;12/08/2023;8;;;
944;2937;18;15.14;04/08/2023;2;;;
944;2239;48;75.33;01/08/2023;18;;;
945;2055;14;26.54;24/08/2023;12;;;
946;1172;37;87.93;19/08/2023;21;;;
947;1837;1;72.83;19/08/2023;14;;;
947;1975;11;89.26;14/08/2023;17;;;
949;1583;4;13.33;30/08/2023;21;;;
949;1622;20;20.78;26/08/2023;12;;;
950;2135;31;92.8;25/08/2023;4;;;
950;2763;20;92.77;15/08/2023;7;;;
951;2685;28;46.9;30/08/2023;12;;;
951;2788;16;71.78;08/08/2023;18;;;
952;2063;47;87.55;19/08/2023;18;;;
953;1506;18;44.75;29/08/2023;6;;;
953;2931;15;29.24;21/08/2023;12;;;
953;1519;19;22.22;07/08/2023;5;;;
954;2158;6;97.88;28/08/2023;3;;;
954;1681;46;46.13;20/08/2023;18;;;
954;2199;16;43.03;15/08/2023;3;;;
954;2128;38;42.02;12/08/2023;10;;;
954;2225;34;44.34;08/08/2023;12;;;
955;2989;6;21.42;21/08/2023;14;;;
955;1902;1;79.29;19/08/2023;2;;;
956;2020;37;82.94;29/08/2023;19;;;
956;1893;5;65.27;07/08/2023;18;;;
956;1213;10;41.02;03/08/2023;18;;;
957;1939;47;96.17;26/08/2023;17;;;
957;2277;33;20.55;11/08/2023;12;;;
958;1616;28;11.29;25/08/2023;19;;;
958;2350;31;65.28;21/08/2023;8;;;
958;1274;2;81.17;16/08/2023;1;;;
958;2450;2;16.45;04/08/2023;18;;;
958;1974;42;71.24;02/08/2023;20;;;
960;1380;50;44.2;12/08/2023;4;;;
960;2257;5;19.13;09/08/2023;18;;;
962;1839;43;92.09;26/08/2023;11;;;
962;1068;19;54.59;07/08/2023;1;;;
962;1903;32;54.24;03/08/2023;9;;;
963;2179;33;69.42;29/08/2023;20;;;
963;2794;28;52.15;15/08/2023;21;;;
963;1227;2;35.59;12/08/2023;3;;;
963;2263;12;81.85;02/08/2023;6;;;
964;2746;27;48.38;25/08/2023;15;;;
964;2798;37;54.62;20/08/2023;6;;;
964;1471;35;54.98;03/08/2023;12;;;
964;1450;21;24.82;01/08/2023;19;;;
965;1140;42;29.02;30/08/2023;11;;;
965;1586;24;13.65;12/08/2023;11;;;
966;2112;33;67.79;29/08/2023;5;;;
966;1695;34;87.17;23/08/2023;18;;;
966;1329;45;64.96;20/08/2023;3;;;
968;1932;16;38.25;18/08/2023;7;;;
968;2894;35;34.09;12/08/2023;16;;;
969;1289;42;24.41;05/08/2023;2;;;
970;2706;3;54.31;13/08/2023;19;;;
970;2224;40;57.74;11/08/2023;4;;;
971;2250;4;25.68;24/08/2023;1;;;
971;1514;11;58.6;23/08/2023;14;;;
971;2593;45;80.05;21/08/2023;13;;;
971;2891;40;59.03;18/08/2023;11;;;
971;1414;13;98.65;10/08/2023;10;;;
971;1815;28;46.95;02/08/2023;14;;;
972;1949;8;22.91;25/08/2023;20;;;
972;2496;9;34.02;10/08/2023;5;;;
973;1083;45;80.65;31/08/2023;17;;;
973;1628;2;17.61;05/08/2023;13;;;
974;2537;23;41.25;29/08/2023;11;;;
974;1279;27;31.11;26/08/2023;19;;;
974;2562;4;88.68;21/08/2023;6;;;
974;1051;25;25.35;14/08/2023;5;;;
974;2600;1;20.88;07/08/2023;14;;;
975;1652;22;46.63;28/08/2023;5;;;
975;1554;24;47.43;11/08/2023;6;;;
976;2136;22;23.96;13/08/2023;5;;;
976;1156;34;37.31;10/08/2023;16;;;
977;2347;11;83.09;29/08/2023;20;;;
977;1117;44;46.71;12/08/2023;14;;;
977;2682;40;83.89;01/08/2023;17;;;
979;1123;49;82.88;23/08/2023;15;;;
980;1091;7;34.04;16/08/2023;19;;;
981;1472;16;25.05;26/08/2023;14;;;
981;1602;42;89.19;24/08/2023;10;;;
981;2582;47;31.29;07/08/2023;7;;;
982;2936;33;48.76;18/08/2023;2;;;
983;2356;46;26.46;31/08/2023;13;;;
983;2492;42;48.9;18/08/2023;19;;;
983;2153;21;39.03;04/08/2023;6;;;
983;2238;45;29.09;04/08/2023;5;;;
983;2341;48;75.99;04/08/2023;7;;;
985;2443;12;84.16;19/08/2023;17;;;
985;1988;23;25.92;13/08/2023;17;;;
985;1449;3;53.24;06/08/2023;2;;;
986;2484;14;82.86;22/08/2023;11;;;
986;1189;20;48.27;08/08/2023;7;;;
986;2160;46;83.2;05/08/2023;3;;;
986;2498;40;11.4;04/08/2023;20;;;
988;2619;42;92.63;23/08/2023;13;;;
989;1211;31;93.89;28/08/2023;20;;;
989;2658;24;22.41;12/08/2023;4;;;
990;1994;36;94.61;22/08/2023;3;;;
990;1027;38;80.75;20/08/2023;21;;;
990;1401;43;88.86;11/08/2023;16;;;
990;2269;37;86.83;05/08/2023;4;;;
991;1860;27;56.85;11/08/2023;18;;;
994;2928;39;29.61;31/08/2023;16;;;
994;1996;4;35.74;30/08/2023;12;;;
994;2935;30;63.89;27/08/2023;8;;;
994;2780;40;30.75;24/08/2023;16;;;
995;1495;48;48.1;15/08/2023;4;;;
996;1970;5;19.97;22/08/2023;6;;;
997;2797;34;41.25;12/08/2023;16;;;
997;2783;8;32.11;04/08/2023;2;;;
997;1231;22;59.06;03/08/2023;15;;;
999;1522;47;82.75;06/08/2023;19;;;
1000;1606;40;22.32;28/08/2023;21;;;
1000;1500;26;56;06/08/2023;2;;;
